ReqID,Requirement,TestID,CodeRef,Status,Notes
LBA-REQ-001,"The system shall extract the hooking and agentic infrastructure from vi-history-suite into a standalone labview-benchmark-actor VS Code extension.",T-001,"package.json; src/extension.ts; docs/cm/moved-module-manifest.json; test/extension-activation.mjs; experiments/vsix-install/golden-vm-install-receipt.json; experiments/vsix-install/codespace-install-receipt.json",Proven,"Standalone VS Code extension COMPLETE + boundary-clean: root package.json manifest (engines.vscode ^1.85, 4 contributed commands) + src/extension.ts wrapping the lbabus coordination bus (show-capabilities/poll-bus/post-note/open-viewer, depends only on vscode + node builtins) compiles clean via tsc, PACKAGES clean to a .vsix (vsce, 9 files), and activate() registers the 4-command surface + prerequisite-remediation (test/extension-activation.mjs, npm test). docs/cm/moved-module-manifest.json enumerates the extracted surface (AC #3); the verify-local-gates T-001 boundary gate asserts the manifest surface + NO vi-history-suite dependency + every moved-module surface exists on disk. The extraction is PROVEN end-to-end by installing + activating the SAME .vsix on BOTH deployment targets (LBA-REQ-002 Proven): a GitHub Codespace -- the devcontainer base image (javascript-node:1-22) builds + activates it via postCreate + npm test (codespace-install-receipt.json) -- and a real Vagrant golden-box VM -- Windows 11 Pro, WIN uploaded the .vsix over WinRM, installed via code --install-extension, and code --list-extensions --show-versions resolves the id@version (golden-vm-install-receipt.json)."
LBA-REQ-002,"The extension shall install on a GitHub Codespace and on a Vagrant golden VM.",T-002,".devcontainer/devcontainer.json; package.json; experiments/vsix-install/golden-vm-install-receipt.json; experiments/vsix-install/codespace-install-receipt.json; test/extension-activation.mjs",Proven,"PROVEN on BOTH install targets (LINUX Codespace + WIN Vagrant VM). AC #1 CODESPACE: the extension compiles + ACTIVATES + renders in the ACTUAL devcontainer base image (mcr.microsoft.com/devcontainers/javascript-node:1-22, the image .devcontainer/devcontainer.json specifies) -- a docker-run of that image over a clean git-archive tree executes the devcontainer postCreate (npm install && npm run compile) + npm test: activate() registers the 4 commands + prerequisite-remediation surfaces + the viewer renders in jsdom (codespace-install-receipt.json). A real GitHub Codespace uses the same image + spec + postCreate. verify-local-gates T-002 gate asserts the devcontainer provisions dotnet + builds the extension. AC #2 VAGRANT GOLDEN-VM (WIN lane): the built .vsix (sha256 5b7a681a, 9 files, id labview-community-ci-cd.labview-benchmark-actor@0.1.0) was uploaded over WinRM to a real golden box (Windows 11 Pro build 26200, box vihs/labview-cleanroom-sc), installed via code --install-extension, and code --list-extensions --show-versions resolves the id@version with package.json unpacked under the VM .vscode/extensions (golden-vm-install-receipt.json). Activation first-run + prerequisite-remediation proven deterministically (test/extension-activation.mjs, npm test): activate() registers the 4 commands and a CLI-backed command with lbabus absent surfaces the 'Install the coordination CLI' remediation. The interactive real-desktop UI render (Electron in a headless session) is the LBA-REQ-004 UI/maintainer sliver, NOT a 002 install gap."
LBA-REQ-003,"The agentic infrastructure shall drive benchmark runs, producing a metric time-series and a time-indexed sequence of captured pictures per run.",T-003,"experiments/mprr-live-capture/evidence/short-packet-analysis-summary.json; experiments/manual-procedure-record/fingerprint.selftest.mjs; experiments/manual-procedure-record/frame-diff.selftest.mjs; experiments/manual-procedure-record/verify-capture-adapter.mjs; experiments/manual-procedure-record/verify-counter.mjs; experiments/manual-procedure-record/verify-producer.mjs; experiments/manual-procedure-record/verify-reader.mjs; experiments/mprr-boot-benchmark/verify-boot-benchmark.mjs; experiments/mprr-boot-benchmark/verify-boot-benchmark-diff.mjs; experiments/mprr-boot-benchmark/verify-boot-benchmark-vmware.mjs; experiments/mprr-capture-ring/capture-ring-recorder.selftest.mjs; experiments/mprr-capture-ring/fiducial-capture.selftest.mjs; experiments/mprr-capture-ring/settle-detect.selftest.mjs; experiments/mprr-capture-ring/vbox-vnc-source.selftest.mjs; experiments/mprr-capture-ring/vmware-vnc-source.selftest.mjs; experiments/mprr-capture-ring/verify-launch-capture.mjs; experiments/mprr-capture-ring/verify-visual-dual-clock.mjs; experiments/mprr-capture-ring/verify-workload-benchmark.mjs",Proven,"Run-result frame model (timingTicks64 + frameId + payloadDescriptorId) proven on real mprr TDMS bytes (20 frames)."
LBA-REQ-004,"The benchmark viewer shall render a draggable vertical time cursor that selects a point on the time axis.",T-004,"experiments/viewer-cursor/viewerCursor.mjs; experiments/viewer-cursor/verify-viewer-cursor.mjs; src/extension.ts; media/viewer.js; test/extension-activation.mjs; test/viewer-render.mjs; playwright/viewer-render.mjs; experiments/dashboard-slider/verify-scrubber.mjs; experiments/dashboard-slider/scrubberInteraction.playwright.cjs; experiments/dashboard-slider/mprrSurfaceScrub.playwright.cjs; test/viewer-plain-render.mjs",Proven,"PROVEN from the pure logic up to a REAL browser engine. (1) Cursor LOGIC deterministic 5/5 (verify-viewer-cursor: pointer + keyboard map to an in-bounds sample, Home/End jump to run start/end, a left-to-right drag updates the selected time, no operation selects outside the run window) -- gated by verify-local-gates. (2) The webview surface is wired CSP-safe: the openViewer command builds a strict-CSP nonce webview loading media/viewer.js which imports the shipped viewerCursor core VERBATIM (no duplicated snap math); verify-local-gates #25 + the activation test assert the manifest command + CSP-safe HTML. (3) RENDER + interaction proven in a real DOM (jsdom, test/viewer-render.mjs, npm test) AND in a REAL headless Chromium (playwright/viewer-render.mjs, maintainer): the shipped media/viewer.js renders the metric SVG (polyline + cursor line + selected dot), a real POINTER DRAG across the chart snaps the cursor to a late sample and moves the cursor line, and ArrowRight/End/Home move it over the run window, with no console errors (viewer-render-browser-receipt.json). Chromium is the same engine the VS Code extension-host webview renders in, so the render + drag are proven in the webview's actual engine (the live extension-host panel adds only the surrounding VS Code chrome, not the render). The .vsix bundles media/viewer.js + media/viewerCursor.mjs."
LBA-REQ-005,"The viewer shall display the captured picture indexed at the cursor selected time, updating as the cursor moves.",T-005,"experiments/mprr-live-capture/evidence/dual-packet-correlation-receipt.json; experiments/mprr-capture-ring/verify-benchmark-panels.mjs; test/panels-render.mjs",Proven,"Cursor time -> picture resolve path proven: frameId -> payloadDescriptorId join, 20/20 frames driftClass=none."
LBA-REQ-006,"The system shall support multiple Vagrant VMs coordinating over a local TCP/UDP bus.",T-006,"experiments/multi-vm-topology/run-topology.ps1; experiments/ephemeral-mesh/verify-ephemeral-mesh.mjs",Proven,"Two golden-box VMs (ACTOR-A/ACTOR-B) coordinate over lbabus net: 2 UDP presence beacons + ordered TCP CLAIM/HANDOFF/DONE with echoed ACKs, unique identities, comms-only, clean teardown. Re-runnable driver run-topology.ps1 + receipt.json under experiments/multi-vm-topology/. WIN lane; claimed on collab bus (msg 17814090)."
LBA-REQ-007,"The TCP/UDP coordination bus shall carry inter-actor communication only, never run data, frames, or metadata.",T-007,"experiments/bus-prototype/receipt.json",Proven,"LINUX lane. 12/12 comms-only assertions, deterministic + cross-platform (Linux node v22 + Windows node v24). Confirm with LINUX."
LBA-REQ-008,"The documentation package shall be stamped with the repo-standards-review baseline and shall relocate to a standalone repository without renumbering requirement IDs.",T-008,"README.md; docs/cm/cm-plan.md; docs/requirements/srs.md; experiments/verify-local-gates.mjs; experiments/reqs-coverage/verify-reqs-coverage.mjs",Proven,"Stamp + no-renumbering proven by the T-008 static gate in verify-local-gates: repo-standards-review v0.2.19 (commit d44f210d) named in README + docs/cm/cm-plan.md, the docs/ standards lanes present, and the LBA-REQ ids contiguous 001..013 with no gaps after the standalone move."
LBA-REQ-009,"Captured pictures shall be stored VM-locally in the mprr ring buffer as long-packet payload indexed by the short-packet stream, and shall not be transported over the coordination bus.",T-009,"experiments/mprr-live-capture/evidence/dual-packet-buffering-policy-receipt.json; experiments/mprr-capture-ring/verify-capture-ring.mjs; experiments/mprr-capture-ring/vmware-ring-capture.selftest.mjs; experiments/mprr-ring/verify-mprr-dual-packet.mjs; experiments/mprr-ring/verify-mprr-packet-harness.mjs",Proven,"20/20 frames authoritative; frozen budgets short 16MiB/32768 + long 256MiB/512 confirmed against mprr ADR-0024. The mprr ring model is absorbed in-repo (dependency-free mirrors under experiments/mprr-ring/, ADR-0009); no external svelderrainruiz/mprr build/run dependency."
LBA-REQ-010,"Each actor shall review only its **own** previous runs, and completed runs shall be concentrated onto the operator host out-of-band to feed an ollama-based comparison layer.",T-010,"experiments/host-concentration/hostConcentration.mjs; experiments/host-concentration/verify-host-concentration.mjs; experiments/host-concentration/ingestCorpusManifest.mjs; experiments/host-concentration/verify-corpus-ingestion.mjs; experiments/host-concentration/fixtures/sample-corpus-manifest.json; experiments/host-concentration/fixtures/complete-corpus/manifest.json; experiments/ollama-comparison/ollamaComparison.mjs; experiments/ollama-comparison/verify-ollama-comparison.mjs; experiments/ollama-comparison/verify-real-corpus-wiring.mjs; experiments/ollama-comparison/drive-real-corpus.mjs; experiments/ollama-comparison/model-faithfulness-sweep.mjs; experiments/multi-vm-topology/corpus-export/export-corpus.ps1; experiments/multi-vm-topology/corpus-export/concentrate-corpora.mjs; experiments/multi-vm-topology/corpus-export/exported-corpus/manifest.json; experiments/multi-vm-topology/corpus-export/real-corpus-live-evidence.json; experiments/ollama-drive/verify-ollama-drive.mjs",Proven,"PROVEN end-to-end across all three legs on REAL 2-golden-box-VM data + live GPU (LINUX+WIN collaboration). LEG 1 (own-runs isolation + concentration mechanism, deterministic, gated by verify-local-gates): host-concentration 5/5 (per-actor isolation own-run-review + comms-only bus-input rejection), ollama-comparison 4/4 (deterministic same-actor plan, no-cross-VM, output contract), corpus-ingestion 6/6 (#22 -- ingestCorpusManifest reads the corpus-manifest@v1 shape, concentrates preserving isolation, REJECTS drift with teeth), real-corpus-wiring 5/5 (#23 -- dereference VM-local metrics so prompts embed REAL values). LEG 2 (out-of-band concentration on REAL VMs, never the bus, gate #24): WIN's experiments/multi-vm-topology/corpus-export/ boots 2 golden-box VMs (ACTOR-A regresses, ACTOR-B improves), each emits its own-run corpus, the host fetches both OUT-OF-BAND over WinRM and materializes a corpus-manifest@v1 that flows through the SAME shipped ingestCorpusManifest boundary -> per-actor isolation + real dereferenced metrics + same-actor plan (receipt pass, live digest 2dc4ea84). LEG 3 (live ollama comparison over the REAL concentrated corpus): drive-real-corpus.mjs --manifest exported-corpus/manifest.json on an RTX PRO 1000 Blackwell GPU -> llama3.1:8b correctly read ACTOR-A's cpu/ram/duration REGRESSION (degradation) and ACTOR-B's IMPROVEMENT (17.7pct cpu / 12.5pct mem reduction), per-actor isolated, ~8-10s (real-corpus-live-evidence.json); the model-faithfulness sweep confirms all 4 local models read direction 100pct correctly so the layer picks by speed. Note: the VM metrics are the topology producer's representative benchmark output (ACTOR-A regression / ACTOR-B improvement by design); a full LabVIEW-benchmark-actor emitting these metrics is the downstream benchmark concern, not an 010-mechanism gap."
LBA-REQ-011,"The system shall correlate CPU, RAM, and disk usage samples to the benchmark frame timeline on a shared epoch-ms/frame axis and, anchored on a trigger instant, shall compute a pre/post-trigger window analysis (count, mean, min, max and post-minus-pre delta) for each metric.",T-011,"experiments/resource-usage-correlation/resourceUsageCorrelation.mjs; experiments/resource-usage-correlation/receipt.json; experiments/mprr-capture-ring/in-guest-resource-sampler.py; experiments/mprr-capture-ring/resource-correlated-record.mjs; experiments/mprr-capture-ring/live-vbox-resource-correlation.mjs; experiments/mprr-capture-ring/fixtures/labview-launch-resource-correlation.json; experiments/mprr-capture-ring/verify-resource-correlated-record.mjs; experiments/resource-usage-correlation/verify-resource-correlation.mjs; experiments/resource-usage-correlation/performance-counter-schema.json; experiments/resource-usage-correlation/frameMarkers.mjs; experiments/resource-usage-correlation/frameMarkers.selftest.mjs; experiments/resource-usage-correlation/performanceCounterCorrelation.mjs; experiments/resource-usage-correlation/performanceCounterCorrelation.selftest.mjs; experiments/resource-usage-correlation/linuxProcSampler.mjs; experiments/resource-usage-correlation/fixtures/linux-proc-12fps-capture.json; experiments/resource-usage-correlation/captureAndCorrelate.mjs; experiments/resource-usage-correlation/captureAndCorrelate.selftest.mjs; experiments/resource-usage-correlation/fixtures/linux-proc-12fps-correlated-trigger.json; experiments/mprr-capture-ring/frame-correlator.mjs; experiments/mprr-capture-ring/frameCorrelatorMarkers.selftest.mjs; experiments/mprr-capture-ring/frameCorrelatorMarkers.playwright.cjs; experiments/mprr-capture-ring/fixtures/frame-correlator-markers-playwright-receipt.json; experiments/mprr-capture-ring/liveV2Capture.mjs; experiments/mprr-capture-ring/liveV2Capture.selftest.mjs; experiments/mprr-capture-ring/fixtures/live-v2-capture-receipt.json; experiments/mprr-capture-ring/inGuestSamplerV2.selftest.mjs; experiments/mprr-capture-ring/fixtures/in-guest-sampler-v2-capture.json; experiments/resource-usage-correlation/winPdhSampler.ps1; experiments/resource-usage-correlation/winPdhSampler.selftest.mjs; experiments/resource-usage-correlation/fixtures/win-pdh-12fps-capture.json",Proven,"Pure deterministic ESM correlation core; self-test 9/9 green over a canonical CPU/RAM/disk series with a Getting-Started-Window-visible trigger (frame 12; cpu/ram/disk deltaMean 37.25/227.5/23.75). LIVE capture + sampling now PROVEN on the VBox clean room: a REAL LabVIEW IDE launch was benchmarked through the visual ring while an in-guest Python sampler (in-guest-resource-sampler.py, /proc-based system CPU/RAM/disk, guest epoch-ms) ran in a persistent session; the samples were folded onto the host epoch-ms axis via a measured host<->guest offset and correlated to the frame timeline anchored on the UI-READY settle instant (the trigger), so the pre/post windows read machine load WHILE LAUNCHING vs ONCE SETTLED. Real fixture labview-launch-resource-correlation.json (169 samples, 22 pre / 147 post, launchMs 3241; RAM deltaMean +117MB as LabVIEW loads resident, a warm launch is RAM-bound). Re-runnable gate capture-ring-resource-correlation-live re-derives the committed pre/post windows from the committed host-epoch samples (no-rot); the resource-profile panel (buildResourcePanelHtml) + the Open Benchmark Resource Profile command surface it in the extension UI."
LBA-REQ-012,"The system shall embed version-pinned agent base instructions in the lbabus binary and expose them via the lbabus agents command (print, --out, --check) so every session on a given version shares byte-identical, hardenable base instructions.",T-012,"tools/collab-cli/agents/AGENTS.md; tools/collab-cli/Agents.cs; tools/collab-cli/ci/Dockerfile (ci-agents); tools/collab-cli/ci/verify-linux.sh; tools/collab-cli/ci/verify-windows.ps1",Proven,"Embedded resource round-trips (--out then --check exit 0) and drift is detected (--check exit 3); gated by the ci-agents Dockerfile stage in the release harness. Verified locally on Windows and in the Linux container."
LBA-REQ-013,"The coordination bus shall (RETIRED -- ADR-0048) let a sender tag a message with a priority tier (P0>P1>P2>P3) and an explicit addressee and let a reader filter its inbox with --to-me/--min-priority -- superseded: this lived in the removed GitHub-Discussion post/poll transport; the live-only net bus carries no priority/addressing.",T-013,"docs/architecture/adr/ADR-0048-retire-priority-addressing.md; tools/collab-cli/Net.cs",Superseded,"RETIRED under the off-Discussions migration (ADR-0040/0047/0048). Priority triage + plane addressing were GitHub-Discussion transport features (post --priority/--to, poll/wait --min-priority/--to-me + the CollabMessage/Priority model), all removed; the live-only net BusEnvelope (bus-msg@1) carries no prio/to. Under live-only there is no async inbox to triage + net send --hosts targets a specific peer, so both are moot. Operator decision 2026-08-03 (option B). T-013 retired accordingly."
LBA-REQ-014,"The system shall let each plane (LINUX, WIN) produce a deterministic benchmark run from the same mprr short-packet input, store it on a plane-local big drive, and compare the two planes' runs of a shared benchmarkId, reporting numeric metric deltas and content-digest agreement (the deterministic seriesHash must match across planes; the per-plane screenshot hash is a visual witness).",T-014,experiments/mprr-ring/mprrRing.mjs; experiments/mprr-ring/mprrViewerSeries.mjs; experiments/mprr-ring/verify-mprr-ring.mjs; experiments/mprr-ring/fixtures/short-packet-run.json; experiments/benchmark-store/benchmarkStore.mjs; experiments/benchmark-store/register-mprr-run.mjs; experiments/benchmark-store/verify-benchmark-store.mjs; playwright/screenshot.mjs; playwright/screenshot-receipt-LINUX.json; scripts/stage-media.mjs; src/extension.ts; experiments/benchmark-store/run-LINUX.json; experiments/benchmark-store/run-WIN.json; experiments/benchmark-store/cross-plane-comparison-receipt.json; experiments/mprr-capture-ring/workload-cross-plane.selftest.mjs; experiments/mprr-capture-ring/verify-cross-plane-trend.mjs; experiments/mprr-capture-ring/verify-trend.mjs,Proven,"LINUX side PROVEN + gated; the cross-plane loop is now PROVEN on a real WIN plane. The absorbed mprr zero-copy short-ring core (mprrRing.mjs, faithful to MPRR-REQ-094/104-119) deterministically ingests a short-packet stream into a viewer series + benchmark summary (verify-mprr-ring 9/9). The shipped viewer renders it and playwright/screenshot.mjs captures a byte-identical PNG twice on LINUX (seriesHash 7ad1c75d0824..., pngSha256 26efa11e6540...). The benchmark store crossPlaneCompare reports numeric deltas + a digests section (the deterministic seriesHash MUST match cross-plane; the per-plane screenshot pngSha256 is a witness), failing closed on a single-plane compare (verify-benchmark-store 6/6); local gates #27/#28. The real LINUX mprr run is registered on the big drive (benchmarkId mprr-short-ring-fixture). PROVEN 2026-07-31: a real WIN Node run (win32/x64, Node v22.15.0, on actor-win11-decouple over WinRM) independently produced the identical deterministic seriesHash 7ad1c75d0824; crossPlaneCompare confirms the match with all metric deltas 0 (gate cross-plane-comparison-proven-green). The prior identical-to-LINUX WIN pngSha256 was a synthetic placeholder and has been removed; the per-plane WIN screenshot visual witness is a pending maintainer step (browser, non-CI). The shipped extension viewer (src/extension.ts) now renders this mprr series by default -- media/mprr-series.json is build-generated by scripts/stage-media.mjs from the fixture via the ring core and bundled into the .vsix -- so the DEPLOYED viewer shows real mprr ring-buffer data (the demo series is only a fallback). PROVEN 2026-07-28: WIN produced the real Windows-native mprr run (PR #80, run-WIN.json) and the first real cross-plane comparison PASSES -- compare-cross-plane.mjs pairs run-LINUX.json + run-WIN.json into cross-plane-comparison-receipt.json with the deterministic seriesHash MATCHING (7ad1c75d0824...) and every numeric metric delta 0; local gate cross-plane-comparison-proven-green re-validates it."
LBA-REQ-015,"The system shall install the LabVIEW VI Analyzer Toolkit in the Windows clean room and summarize a VI Analyzer run over a repo VIs into a deterministic order-independent result (per-run pass/fail/error counts + per-VI findings + a resultHash), so a VI Analyzer run becomes a cross-plane-comparable benchmark: two planes summarizing the same run produce the same resultHash.",T-015,experiments/vi-analyzer/viAnalyzerResult.mjs; experiments/vi-analyzer/verify-vi-analyzer-result.mjs; experiments/vi-analyzer/fixtures/sample-report.json; experiments/vi-analyzer/fixtures/sample-report-allpass.json; experiments/vi-analyzer/vi-analyzer-report.schema.json; experiments/vi-analyzer/validate-vi-analyzer-report.mjs; experiments/vi-analyzer/parse-vi-analyzer-ascii.mjs; experiments/vi-analyzer/icon-editor-report.json; cleanroom/docker-windows/install-vi-analyzer.ps1; experiments/vi-analyzer/vi-analyzer-live-evidence.json; experiments/vi-analyzer/vi-analyzer-trend-live-evidence.json; experiments/vi-analyzer/vi-analyzer-trend-live-evidence-WIN.json; experiments/vi-analyzer/run-vi-analyzer-trend.sh; experiments/vi-analyzer/run-vi-analyzer-trend.ps1; experiments/vi-analyzer/verify-vi-analyzer-trend.mjs; experiments/benchmark-store/compare-vi-analyzer-trend-cross-plane.mjs; experiments/benchmark-store/vi-analyzer-trend-cross-plane-receipt.json,Proven,"LINUX result model gated + WIN toolkit install shipped; the REAL cross-plane VI Analyzer is now PROVEN LIVE -- LINUX (64-bit) and WIN (32-bit) LabVIEW 2026 each INDEPENDENTLY ran LabVIEWCLI RunVIAnalyzer on the SAME LabVIEWCLIExampleProject (3 VIs -> 69 tests) and produced the BYTE-IDENTICAL resultHash 0419a449... (cross-plane match=true -> substrate-independent correctness); each plane a 6-run determinism trend (LINUX cold/warm 2.15x, WIN 19.34x -- Windows first-launch mass-compile), registered + compared in the benchmark store (compare-vi-analyzer-trend-cross-plane.mjs, self-verifying, exits 1 on mismatch; PR #223/#224/#225). The REAL CLI report is FAILURE-ORIENTED (a run summary of counts + only failures/errors enumerated; passes never listed), so the normalized shape is { config, summary:{passed,failed,error,skipped,unloadable}, findings:[{viPath,test,result:fail|error}] } (empty findings for an all-pass run like the icon-editor gate). summarizeViAnalyzerReport (dep-free) normalizes it to counts + an ORDER-INDEPENDENT, LOCALE-INDEPENDENT resultHash (code-unit canonical order over counts + sorted findings; findings count MUST equal failed+error; verify-vi-analyzer-result 7/7, local gate vi-analyzer-result-model-green) and projects to benchmark-store metrics so a VI Analyzer run is cross-plane comparable via crossPlaneCompare (resultHash digest MUST match). A committed JSON Schema (vi-analyzer-report.schema.json) + a dep-free validator (validate-vi-analyzer-report.mjs, the WIN pre-send self-check, gate vi-analyzer-report-schema-green) lock the normalized-report input contract so WIN's real report hash-matches on the first cross-plane compare. WIN installed the toolkit license in the Windows clean room (cleanroom/docker-windows/install-vi-analyzer.ps1, PR #72). PROVEN 2026-07-28 (operator-authorized): WIN ran the REAL LabVIEWCLI RunVIAnalyzer on the icon-editor VIs (config lv_icon_editor.viancfg, -PortNumber 3363, -ReportSaveType ASCII), attested on the coordination bus discussion #1 at 20:47:35Z: 452 tests passed, 0 failed, 0 skipped, 0 unloadable, 0 error in 46s. The all-pass run normalizes (tool is failure-oriented -> empty findings) to experiments/vi-analyzer/icon-editor-report.json with resultHash df9c8d1ef67461637ee2b841a980da4a59164caff2d6df07eb916ac99453d75d. Cross-plane parity is proven by the CI OS matrix: local gate vi-analyzer-real-report-cross-plane-green pins that resultHash and the LBA Local Gates workflow runs on BOTH ubuntu-latest and windows-latest, so both operating systems computing the same resultHash for the same real report IS the two-plane agreement (LBA-REQ-015 acceptance). WIN independent re-commit from its Windows machine is welcome as corroboration."
LBA-REQ-016,"The repository shall adopt GitFlow branch governance (main protected + develop integration; feature/release/hotfix rules; SemVer tags on main; coverage retained on the release path) so CM passes the authoritative repo-standards-review CM gate without weakening the CI-owned protected-main tag publish authority.",T-016,"docs/cm/cm-plan.md; docs/architecture/adr/ADR-0010-gitflow-branch-governance.md; experiments/release/verify-release-lineage.mjs; experiments/release/verify-release-lineage.selftest.mjs; experiments/verify-local-gates.mjs",Proven,"GitFlow governance recorded in the CM plan + ADR-0010; a develop integration branch exists off main. PROVEN via repo-standards-review v0.2.19 release-gate audit: the cm gate flipped FAIL->PASS and the release-workflow-no-gitflow contradiction cleared once the 9 GitFlow signals + SemVer + coverage-on-release were documented. Local gate gitflow-branch-governance-documented asserts the CM plan states all three branch rules + ADR-0010 exists (fails closed on regression)."
LBA-REQ-017,"The system shall record every LabVIEW authoring-lane dependency as a version-pinned entry in a governed dependency manifest.",T-017,"experiments/labview-authoring/dep-manifest.json; experiments/labview-authoring/verify-dep-manifest.mjs; experiments/labview-authoring/verify-dep-manifest.selftest.mjs",Proven,"Authoring-lane dependency manifest (dep-manifest@1): each dependency pinned resolved (concrete git SHA / pip version / vipc) or tbd-*; verify-dep-manifest validates shape + pin format fail-closed (bad schema / SHA / plane / python bitness / pinStatus / resolved-but-empty rejected), gated in verify-local-gates. Authored 2026-08-01 to home the labview-authoring tests that already reference LBA-REQ-017 (test->requirement mapping directive)."
LBA-REQ-018,"The system shall delegate a validated uplift task to a capability-matched cleanroom AI provider over the coordination bus.",T-018,"experiments/provider-delegation/delegateUplift.mjs; experiments/provider-delegation/providerAdapters.mjs; experiments/provider-delegation/registry.mjs; experiments/provider-delegation/coordinator.mjs; experiments/provider-delegation/worker.mjs; experiments/provider-delegation/qualityGate.mjs; experiments/provider-delegation/verify-provider-delegation.mjs; experiments/provider-delegation/verify-registry.mjs; experiments/provider-delegation/verify-claim-tasking.mjs; experiments/provider-delegation/verify-worker-pool.mjs; experiments/provider-delegation/verify-quality-gate.mjs; experiments/provider-delegation/verify-vipm-routing.mjs; experiments/provider-delegation/verify-vipm-gate.mjs; experiments/provider-delegation/verify-coverage-lift.mjs; experiments/provider-delegation/verify-evidence.mjs; experiments/provider-delegation/verify-risky-test.mjs; docs/architecture/adr/ADR-0011-provider-delegation-cleanroom-uplift.md",Proven,"Provider-delegation harness (LINUX slice, #221): cleanroom actors run a local AI provider (ollama/copilot-cli/codex/mock) against a delegated uplift/doc task, gate deterministically, announce an lba-uplift-delegation-receipt@v1 over lbabus (ADR-0003). Ten deterministic offline self-tests (mock adapter, no GPU/network) cover task-spec validation, the provider seam, the accept gate (pass+fail), registry capability-routing, worker-pool concurrency bounding, the quality pre-gate, and the coverage-lift/evidence/risky-test/vipm-gate/vipm-routing domains. Composes existing infra, no new transport; ADR-0011. Authored 2026-08-01 (test->requirement mapping directive)."
LBA-REQ-019,"The system shall expose the benchmark actor's tools to a coding agent through a Model Context Protocol server.",T-019,"src/mcp/benchmarkActorMcpServer.ts; src/mcp/runBenchmarkActorMcpServer.ts; src/mcp/benchmarkActorMcpServerProvider.ts; test/mcp-server.mjs; scripts/mcpToolDoc.mjs; docs/mcp-tools.md; docs/architecture/adr/ADR-0012-mcp-server-agent-tool-surface.md",Proven,"MCP agent tool surface: a pure JSON-RPC 2.0 handler publishes exactly four tools (get_host_capabilities, get_benchmark_series, poll_coordination_bus, post_coordination_note) over newline-delimited stdio with -32601/-32602 errors and a soft isError when lbabus is absent; the definition provider registers under the same id the manifest contributes; the dependency-free stdio entry keeps the packaged .vsix dependency allowlist clean. Proven host-free across three legs (pure-core, activation, spawned stdio) by test/mcp-server.mjs plus the scripts/mcpToolDoc.mjs --check doc-sync, run under npm test. ADR-0012. Authored 2026-08-01 (test->requirement mapping directive)."
LBA-REQ-020,"The system shall block a component release from publishing until both the WIN and LINUX planes have recorded an agreed sign-off for that exact component version.",T-020,"tools/collab-cli/verify-release-agreement.mjs; tools/collab-cli/record-release-agreement.mjs; tools/collab-cli/record-release-agreement.selftest.mjs; tools/collab-cli/release-agreement.json; .github/workflows/extension-release.yml; .github/workflows/collab-cli-release.yml",Proven,"Bidirectional WIN<->LINUX release sign-off (release-agreement@v2): a shared-component publish (collab-cli-vX.Y.Z bus CLI or ext-vX.Y.Z .vsix) is blocked until BOTH planes record agreed:true for the exact <component,version>; the gate fails closed (exit 1) on a missing/withheld/unparseable sign-off, exit 2 on usage, so an absent ledger never reads as consent. Wired before the publish job in both extension-release.yml + collab-cli-release.yml; the committed ledger already carries co-signed collab-cli releases (0.12.0/0.13.0). verifyReleaseAgreement is exported so the turnkey recorder record-release-agreement.mjs (issue #419) can insert a release entry as a minimal structured edit (refuses to clobber) and fail closed unless both agreement + visual gates pass, replacing hand-edited JSON; record-release-agreement.selftest.mjs proves the recorder. Authored 2026-08-01 (test->requirement mapping directive), homing tools/collab-cli/verify-release-agreement.mjs."
LBA-REQ-021,"The system shall reject any governed test file that does not correspond to at least one requirement in the traceability register.",T-021,"experiments/reqs-coverage/verify-correspondences.mjs; docs/architecture/adr/ADR-0013-enforced-42010-correspondence-graph.md; experiments/verify-local-gates.mjs",Proven,"42010 correspondence-conformance engine (ADR-0013): models the assurance surface as a traceability graph and enforces correspondence rules dependency-free. Rule TR-1 fail-closed -- every governed test file (test/*.mjs, experiments/**/verify-*.mjs, *.selftest.mjs, *.playwright.*, playwright/*.mjs, tools/**/verify-*) must appear in >=1 RTM CodeRef; exits 1 listing orphans (it surfaced tools/collab-cli/ci/verify-linux.sh + verify-windows.ps1 that the git-based scan missed). Rules AD-1 (every ADR traces to a requirement AND is registered in overview.md) + VW-1 (every requirement described by an architecture view) are also fail-closed after the ADR-0013 stage-2 reconciliation (overview.md §3 views + §4 register extended to REQ-011..021, §6 ADR index completed). Gated in verify-local-gates. Authored 2026-08-01 ('think bigger' correspondence-graph increment)."
LBA-REQ-022,"The system shall generate the requirement traceability matrix from the governed requirement, test, and decision sources.",T-022,"experiments/reqs-coverage/generate-traceability.mjs; docs/requirements/traceability-matrix.md; experiments/verify-local-gates.mjs",Proven,"Traceability-matrix generator (ADR-0013 Stage 3): generate-traceability.mjs DERIVES docs/requirements/traceability-matrix.md from the canonical graph -- requirement ids/titles (srs.md), status/TestID/CodeRef (rtm.csv), addressing view (overview.md ### N.M addresses headings), decisions (ADR index README Traces-to column). Deterministic; --check fails closed on drift; gated by traceability-matrix-current in verify-local-gates. Presents the correspondence graph that LBA-REQ-021 enforces. Authored 2026-08-01 (ADR-0013 roadmap Stage 3)."
LBA-REQ-023,"The system shall gate each governed component release on an on-demand corroboration quorum in which a majority of independent witnesses across distinct environments agree on the release's deterministic anchors.",T-023,"experiments/acg-grid/grid.mjs; experiments/acg-grid/grid.selftest.mjs; experiments/acg-grid/grid-run-proof.mjs; experiments/acg-grid/grid-run-receipt.json; experiments/verify-local-gates.mjs; docs/architecture/adr/ADR-0014-actor-corroboration-grid.md",Proven,"Umbrella requirement for the Actor Corroboration Grid (ADR-0014). DELIVERED: the sub-requirement family shipped (024 quorum, 026 independence, 027 reviewer, 028 mesh, 029 MCP, 030 governance Proven; 025 enrolled-chain Proven) and experiments/acg-grid/grid.mjs runGrid composes them into ONE release gate -- independence + quorum + attestation + mesh + human sign-off -- machineCorroborated iff stages 1-4 pass, released iff a recorded human sign-off also accompanies the verdict; fail-closed on N-of-a-kind/sub-majority/tampered/unsigned. Self-test 6/6 gated by acg-grid-e2e. LIVE: the real {codespace,host} grid corroborates through every MACHINE stage (machineCorroborated:true) and is held only at the human gate (released:false; grid-run-receipt.json), re-derived by acg-grid-run-live. 025's remaining external bits (sigstore-keyless OIDC + rekor) stay Planned."
LBA-REQ-024,"The system shall pass the release corroboration quorum only when a majority of participating witnesses agree on their applicable OS-independent anchors and the graded anchor-agreement fraction meets the configured threshold.",T-024,"experiments/acg-quorum/compare-witnesses.mjs; experiments/acg-quorum/compare-witnesses.selftest.mjs; experiments/acg-quorum/assemble-witness.mjs; experiments/acg-quorum/assemble-witness.selftest.mjs; experiments/verify-local-gates.mjs; experiments/acg-quorum/witnesses/codespace.bundle.json; experiments/acg-quorum/witnesses/host-linux.bundle.json; experiments/acg-quorum/corroboration-receipt.json; playwright/screenshot-receipt-CODESPACE.json; docs/architecture/adr/ADR-0015-corroboration-quorum-confidence.md",Proven,"Corroboration quorum (ADR-0015): compare-witnesses.mjs ingests N heterogeneous witness bundles + emits a graded-majority verdict over the tiered anchor model (OS-independent anchors across all witnesses; Linux-only across the Linux subset); PASSES on a >=majority concurrence over the OS-independent anchors with distinct enrolled environments (ADR-0017) + a consensus gate verdict of pass + confidence>=threshold; FAILS CLOSED otherwise, naming each dissenting witness+anchor. Self-test 7/7 (full agreement; WIN not penalized for Linux-only anchors; one pngSha256 divergence tolerated by majority; two OS-independent divergences fail; N-of-a-kind rejected; non-pass verdict rejected; single-witness error); gated by acg-quorum-compare-witnesses in verify-local-gates. A fail-closed witness-bundle assembler (assemble-witness.mjs, self-test 9/9, gated by acg-quorum-assemble-witness) composes each witness's gate/render/capability receipts into the canonical bundle the quorum ingests and corroborates end to end. LIVE PROOF: a real noble GitHub codespace and the resolute host each built lbabus 0.13.0 from the same commit and produced byte-identical renders (seriesHash+pngSha256); their committed witness bundles corroborate (verdict=pass, confidence 0.917 -- the only graded divergence is the Ubuntu codename), re-derived tamper-evidently by acg-quorum-live-corroboration."
LBA-REQ-025,"The system shall block consumption of a release artifact until its corroboration attestation chain verifies.",T-025,"experiments/acg-provenance/attest.mjs; experiments/acg-provenance/attest.selftest.mjs; experiments/verify-local-gates.mjs; experiments/acg-provenance/enrollment/allowlist.json; experiments/acg-provenance/attestations/codespace.attestation.json; experiments/acg-provenance/attestations/host-linux.attestation.json; experiments/acg-provenance/consume-decision-receipt.json; .github/workflows/acg-keyless-attest.yml; experiments/acg-transparency/keyless-attest-evidence.json; .github/actions/keyless-attest/action.yml; .github/workflows/extension-release.yml; .github/workflows/collab-cli-release.yml; reviewer-workstation/provision.ps1; docs/architecture/adr/ADR-0016-provenance-attestation.md",Proven,"Sub-requirement of LBA-REQ-023 (ADR-0016): hybrid signing (sigstore keyless where OIDC exists, enrolled keys for VBox/WIN); attest witness bundles + quorum verdict + artifacts + human sign-off; store on Release + repo + rekor + mesh ledger; verify before install. The enforceable verify-before-consume ENGINE has shipped (experiments/acg-provenance/attest.mjs: Ed25519 enrolled-key witness attestations + a consume decision that blocks unless every attestation verifies against the enrolled allowlist, the witnesses are distinct identities, and the re-computed quorum passes; self-test 10/10, gated by acg-provenance-attest). The full chain is now COMPLETE: the reviewer-workstation verify-before-install (LBA-REQ-031), the offline Merkle transparency log (rekor analogue, ADR-0022), and the mesh ledger (LBA-REQ-028) have shipped, and the sigstore-KEYLESS + public-rekor tier is wired via .github/workflows/acg-keyless-attest.yml -- cosign keyless sign-blob under an Actions OIDC identity -> Fulcio cert + public rekor entry, drift-gated by acg-keyless-attest-workflow-wired; the LIVE keyless-attest run has DEMONSTRATED the Fulcio/rekor evidence -- run 30701351016 keyless-signed the bundle -> public rekor logIndex 2311970781, recorded in keyless-attest-evidence.json; the provenance is now STORED ON THE RELEASE -- immutable prerelease acg-attest-v0.0.2 carries the keyless-signed .sigstore bundle + cert + signature attached AT CREATION (org enforces immutable releases; run 30703064254 -> public rekor logIndex 2312189991) -- completing all four storage locations (Release + repo + transparency log + mesh ledger); PROVEN. HARDENED: the real ext-v*/collab-cli-v* release lanes keyless-sign their artifacts (.vsix / lbabus binaries + nupkg) via the shared .github/actions/keyless-attest composite action (cosign, Actions OIDC -> Fulcio + public rekor) and attach the signatures AT CREATION; drift-gated by release-lanes-keyless-attested. The reviewer-workstation additionally cosign-VERIFIES the .vsix keyless signature (cosign verify-blob, Fulcio identity pinned to extension-release.yml + GitHub OIDC issuer + public rekor) BEFORE install (network-gated, fail-closed; drift-gated by reviewer-workstation-keyless-verify-wired) -- grounded by a real cosign verify-blob of acg-attest-v0.0.2 (Verified OK; a wrong identity fails closed). The real chain is now PROVEN on the live grid: the noble codespace and the resolute host each signed its OWN bundle with its OWN enrolled Ed25519 key (private keys held in-environment, only public keys enrolled); verify-before-consume over the two committed attestations = consume:true (both verify, distinct identities, re-computed quorum pass), re-derived tamper-evidently by acg-provenance-verify-before-consume."
LBA-REQ-026,"The system shall reject a corroboration quorum whose witnesses do not span distinct enrolled OS-planes.",T-026,"experiments/acg-independence/independence.mjs; experiments/acg-independence/independence.selftest.mjs; experiments/acg-independence/enrolled-environments.json; experiments/acg-independence/independence-receipt.json; experiments/verify-local-gates.mjs; docs/architecture/adr/ADR-0017-witness-independence.md; docs/architecture/adr/ADR-0068-osplane-independence.md",Proven,"Sub-requirement of LBA-REQ-023 (ADR-0017, independence axis CORRECTED by ADR-0068): a plane is the OS the extension RUNS in (windows|linux); the hypervisor/context (codespace, vbox, vmware) is NOT a plane -- N linux contexts are ONE linux plane. DELIVERED: experiments/acg-independence/independence.mjs assessIndependence counts a witness toward the quorum ONLY when its OS-plane is enrolled, its identity is recorded, and it does not duplicate an already-counted plane; independent iff >= quorumMin distinct enrolled OS-planes remain (with two planes: BOTH windows AND linux), else fail-closed. Self-test 8/8 gated by acg-independence-quorum. HONEST: the committed live {codespace, host-linux} grid is BOTH the linux plane -- single-plane -- so it is correctly NOT cross-plane independent; the engine WITHHOLDS (independence-receipt.json independent:false), re-derived by acg-independence-live. A genuine cross-plane quorum is pending a windows-plane witness (the operator-gated 1.0.0 re-seal)."
LBA-REQ-027,"The system shall block a corroborated release from publishing until a recorded human sign-off accompanies the machine quorum verdict.",T-027,"experiments/acg-reviewer/sign-off.mjs; experiments/acg-reviewer/sign-off.selftest.mjs; experiments/acg-reviewer/release-decision-proof.mjs; experiments/acg-reviewer/release-decision-receipt.json; experiments/verify-local-gates.mjs; docs/architecture/adr/ADR-0018-reviewer-station.md",Proven,"Sub-requirement of LBA-REQ-023 (ADR-0018): dual reviewer station (Windows VM or Linux browser codespace); signed human sign-off is a separate gate on top of the machine quorum (both required); single reviewer now, multi-reviewer later. DELIVERED: sign-off.mjs = an Ed25519 human sign-off (either station) that gateReleasePublish requires -- publish ONLY when the machine quorum passes AND >= minReviewers distinct enrolled approving sign-offs accompany the exact verdict; blocks on missing/un-enrolled/reject/replayed/tampered sign-off or a failing quorum (sign-off never substitutes for the quorum). Self-test 10/10 gated by acg-reviewer-sign-off. LIVE: the real corroborated {codespace,host} release is BLOCKED pending human sign-off (publish:false, quorumPass:true; release-decision-receipt.json), re-derived by acg-reviewer-release-decision. A real sign-off is the reviewer's judgement step, not fabricated."
LBA-REQ-028,"The system shall beacon each witness's corroboration verdict over the lbabus coordination mesh.",T-028,"experiments/acg-mesh/verdict-beacon.mjs; experiments/acg-mesh/verdict-beacon.selftest.mjs; experiments/acg-mesh/mesh-loopback-proof.mjs; experiments/acg-mesh/mesh-loopback-receipt.json; experiments/verify-local-gates.mjs; docs/architecture/adr/ADR-0019-mesh-integration.md",Proven,"Sub-requirement of LBA-REQ-023 (ADR-0019): witnesses join the lbabus mesh + beacon verdicts (reuse gate-suite beacon + mesh topology); mesh ledger records verdicts, feeds provenance; no new transport (ADR-0003). DELIVERED: verdict-beacon.mjs builds/parses a comms-only bus-msg@1 verdict NOTE (task acg-verdict; carries the small verdict + bundle digest, never the bundle) via the shared busFrame, MeshLedger dedups by witness (tamper-evident ledgerHash feeding provenance), quorumFromLedger resolves beaconed witnesses to bundles by digest + runs the quorum. Self-test 8/8 incl. a real 4-byte-wire round-trip, gated by acg-mesh-verdict-beacon. LIVE loopback proof: the real {codespace, host} verdicts beaconed over bus-msg@1 127.0.0.1 TCP -> ledger -> quorum pass 0.917 (mesh-loopback-receipt.json), re-derived tamper-evidently by acg-mesh-loopback-evidence. Loopback single-node bus; multi-node/VM mesh = the same mechanism scaled."
LBA-REQ-029,"The system shall expose the corroboration grid's operations to agents through the Model Context Protocol tool surface.",T-029,"experiments/acg-mcp/grid-tools.mjs; experiments/acg-mcp/grid-tools.selftest.mjs; experiments/acg-mcp/server.mjs; experiments/acg-transparency/transparency-log.mjs; experiments/acg-transparency/verify-release-inclusion.mjs; src/mcp/benchmarkActorMcpServer.ts; src/mcp/runBenchmarkActorMcpServer.ts; scripts/stage-acg-mcp.mjs; docs/mcp-tools.md; experiments/verify-local-gates.mjs; docs/architecture/adr/ADR-0020-mcp-orchestration-surface.md",Proven,"Sub-requirement of LBA-REQ-023 (ADR-0020, extends ADR-0012): MCP surface gains spin_up_witness/run_quorum/get_confidence/verify_attestation/teardown. DELIVERED: experiments/acg-mcp/grid-tools.mjs + server.mjs expose the grid tools over the SAME dependency-free JSON-RPC 2.0 MCP contract as the ADR-0012 server; run_quorum/get_confidence/verify_attestation/check_independence/assemble_witness compose the engines, verify_inclusion/verify_before_install verify transparency-log inclusion (ADR-0022), spin_up_witness/teardown return provisioning plans (live execution = operator step). Self-test 13/13 incl. a spawned stdio round-trip (initialize/tools/list/tools/call), gated by acg-mcp-grid-surface. FOLDED into the single extension MCP server binary: scripts/stage-acg-mcp.mjs bundles the 7-file grid-tools closure into out/acg-mcp-bundle/ (shipped in the .vsix; experiments/** is .vscodeignore'd), and src/mcp/runBenchmarkActorMcpServer.ts dynamically imports it so the ONE shipped MCP server publishes all 13 tools (4 core + 9 grid); the mcp-server test asserts the folded stdio surface + mcp-tool-doc gates docs/mcp-tools.md to 13 tools."
LBA-REQ-030,"The system shall require every non-release pull request to target the develop integration branch.",T-030,"experiments/acg-governance/pr-base-branch-guard.mjs; experiments/acg-governance/pr-base-branch-guard.selftest.mjs; .github/workflows/pr-base-branch-guard.yml; experiments/verify-local-gates.mjs; docs/architecture/adr/ADR-0021-pull-requests-target-develop.md",Proven,"Refines ADR-0010 (ADR-0021): every non-release PR targets develop; main takes only release/* and hotfix/* via --no-ff (never develop directly); wrong-base PR re-targeted or closed. Codifies the #211/#215/#217 stale-PR fix. DELIVERED: pr-base-branch-guard.mjs evaluateBasePolicy(base,head) blocks any non-release head targeting main (develop and feature/authoring included); .github/workflows/pr-base-branch-guard.yml runs it on PRs targeting main (fail-closed red check). Self-test 11/11 gated by acg-governance-pr-base-branch; workflow wiring gated by acg-governance-pr-base-branch-workflow-wired."
LBA-REQ-031,"The system shall admit a component release for installation only after its corroboration attestation is proven included in the signed transparency log.",T-031,"experiments/acg-transparency/transparency-log.mjs; experiments/acg-transparency/transparency-log.selftest.mjs; experiments/acg-transparency/verify-release-inclusion.mjs; experiments/acg-transparency/record-release-proof.mjs; experiments/acg-transparency/release-transparency-receipt.json; experiments/acg-transparency/release-provenance-bundle.json; experiments/acg-transparency/inclusion-decision-receipt.json; experiments/acg-transparency/enrollment/log-allowlist.json; reviewer-workstation/provision.ps1; experiments/verify-local-gates.mjs; docs/architecture/adr/ADR-0022-transparency-log-inclusion.md",Proven,"Extends ADR-0016 (ADR-0022): the offline-verifiable transparency-log + reviewer-workstation-verify clauses of LBA-REQ-025. transparency-log.mjs = RFC 6962 Merkle log (domain-separated 0x00 leaf / 0x01 node hashing, largest-power-of-2 split, inclusion + consistency proofs, Ed25519 signed tree heads reusing the enrolled-key trust root); self-test 26/26 gated by acg-transparency-log. LIVE: the real {codespace,host} attestations recorded under one signed head, both included, so verify-before-install admits (acg-transparency-log-live). verify-release-inclusion.mjs admits the real release-provenance-bundle.json and blocks a tampered one (acg-transparency-verify-before-install); wired fail-closed into reviewer-workstation/provision.ps1 before the .vsix install (acg-transparency-verify-before-install-wired). Grounded in the Merkle construction referenced by github.com/Etelis/Merkle_Tree, hardened to RFC 6962 domain separation. LBA-REQ-025 sigstore-keyless OIDC + public-rekor tier stays Planned."
LBA-REQ-032,"The system shall calibrate a stress-ladder performance-signature curve from repeated per-rung benchmark signatures so an observed signature maps to an inferred stress level within the calibrated tolerance band.",T-032,"experiments/mesh-stress-signature/mesh-stress-signature-schema.json; experiments/mesh-stress-signature/README.md; experiments/mesh-stress-signature/signatureExtractor.mjs; experiments/mesh-stress-signature/signatureExtractor.selftest.mjs; experiments/mesh-stress-signature/calibrationCurveFitter.mjs; experiments/mesh-stress-signature/calibrationCurveFitter.selftest.mjs; experiments/mesh-stress-signature/stressOrchestrator.mjs; experiments/mesh-stress-signature/stressOrchestrator.selftest.mjs; experiments/mesh-stress-signature/liveLadderRun.mjs; experiments/mesh-stress-signature/liveLadderRun.selftest.mjs; experiments/mesh-stress-signature/fixtures/mesh-live-ladder-receipt.json; experiments/mesh-stress-signature/meshCalibrationView.mjs; experiments/mesh-stress-signature/meshCalibrationView.selftest.mjs; experiments/mesh-stress-signature/actorLoad.mjs; experiments/mesh-stress-signature/perActorProcSampler.mjs; experiments/mesh-stress-signature/concurrentMeshRun.mjs; experiments/mesh-stress-signature/concurrentMeshRun.selftest.mjs; experiments/mesh-stress-signature/fixtures/mesh-concurrent-actors-receipt.json; experiments/mesh-stress-signature/winMeshActorCapture.ps1; experiments/mesh-stress-signature/winVmLadderRun.mjs; experiments/mesh-stress-signature/winVmLadderRun.selftest.mjs; experiments/mesh-stress-signature/fixtures/win-vm-ladder-receipt.json; experiments/mesh-stress-signature/concurrentVmMesh.mjs; experiments/mesh-stress-signature/concurrentVmMesh.selftest.mjs; experiments/mesh-stress-signature/fixtures/win-vm-concurrent-receipt.json; experiments/mesh-stress-signature/meshBoardView.mjs; experiments/mesh-stress-signature/meshBoardView.selftest.mjs; experiments/verify-local-gates.mjs",Proven,"The three pure mesh-stress-signature engines (mesh-stress-signature@v1, design #272) are delivered + gated: signatureExtractor (per-counter features mean/std/percentiles/drift/periodicity + across-repeat stability signature-vs-noise + MAD outliers with std-fallback + cross-counter co-occurrence; selftest 5/5, gate mesh-stress-signature-extractor), calibrationCurveFitter (per counter-feature stressRung to expected+tolerance band + monotone/separable/repeatable invariants + inverse read; selftest 4/4, gate mesh-stress-signature-calibrator), stressOrchestrator (monotone commanded ladder cpuExecutionCap 100 to 20 + per-actor VBox cpuexecutioncap/bandwidthctl throttle + host/guest stress-ng + ladder plan pinning each actor to a distinct level; selftest 5/5, gate mesh-stress-orchestrator). Builds on performance-counter-correlation@v2 (LBA-REQ-011). The live Win/Linux mesh ladder run + a receipt is the remaining phase."
LBA-REQ-033,"The system shall provision a from-scratch Ubuntu 24.04 golden VM with activated LabVIEW 2026 Community Edition plus VIPM, confirming the activation with a headless probe VI before registering the VM as a mesh actor.",T-033,"scripts/lba.mjs; experiments/first-win/firstWinOnboarding.mjs; experiments/first-win/verify-first-win-onboarding.selftest.mjs; experiments/first-win/fixtures/first-win-onboarding-receipt.json; cleanroom/ubuntu-labview/build-virtualbox.sh; cleanroom/ubuntu-labview/provision-guest.sh; experiments/activation/probe-activation.sh; experiments/activation/registerMeshActor.mjs; experiments/verify-local-gates.mjs",Proven,"ADR-0023 Phase 1 First Win -- COVERED by composition: lba init (scripts/lba.mjs) orchestrates the six roadmap flow steps, each realized by a Proven slice (provision LBA-REQ-044, headless-ready LBA-REQ-049, activation-receipt LBA-REQ-038, mesh-registration LBA-REQ-039); firstWinOnboarding.mjs composes them into first-win-onboarding@1 and validates every step resolves + activation confirmed; PROVEN LIVE end-to-end on lba-golden (fresh Ubuntu 24.04 VM -> LabVIEW 2026 CE + VIPM -> operator NI-account activation -> headless RunVI 42 -> VIPM g-cli install -> MassCompile clean); gate first-win-onboarding (selftest 7/7)."
LBA-REQ-034,"The system shall keep the bounded ISO/IEC/IEEE 26514 information-for-users product set complete and command-covering, so a fail-closed gate blocks the build when a required user-information item is missing or a contributed command is undocumented.",T-034,"experiments/information-for-users/verify-information-for-users.mjs; experiments/information-for-users/verify-information-for-users.selftest.mjs; docs/information-for-users/navigation-and-search.md; docs/information-for-users/getting-started.md; docs/information-for-users/command-reference.md; docs/information-for-users/glossary.md; docs/information-for-users/faq.md; docs/information-for-users/audience-and-task-model.md; docs/information-for-users/delivery-profile.md; docs/information-for-users/plan.md; docs/information-for-users/conformance-boundary.md; experiments/verify-local-gates.mjs",Proven,"ISO/IEC/IEEE 26514:2022 bounded information-for-users product set; gate information-for-users-26514 (selftest 2/2: committed conformant + fail-closed on an empty set); 10 items, 21/21 commands covered; ADR-0024."
LBA-REQ-035,"The system shall generate the test report and configuration status-accounting record from the verification apparatus, so a fail-closed gate blocks the build when the committed record drifts from the gates, correspondence rules, requirements, and decisions it accounts for.",T-035,"experiments/reqs-coverage/generate-test-report.mjs; experiments/reqs-coverage/generate-test-report.selftest.mjs; docs/testing/test-report.md; experiments/verify-local-gates.mjs",Proven,"ISO/IEC/IEEE 29119-3 test report + ISO 10007 / ISO/IEC/IEEE 12207 configuration status accounting, generated from the apparatus (gate inventory + 7 correspondence rules + coverage floors + RTM + ADRs) into docs/testing/test-report.md; gate test-report-current (selftest 4/4: current + deterministic + fail-closed on any mutation); ADR-0025."
LBA-REQ-036,"The system shall keep the ISO/IEC/IEEE 15289 release procedure resolvable and invariant-complete, so a fail-closed gate blocks the build when the procedure cites a workflow or script that does not resolve or omits a required release invariant.",T-036,"experiments/release/verify-release-procedure.mjs; experiments/release/verify-release-procedure.selftest.mjs; docs/release/release-procedure.md; experiments/verify-local-gates.mjs",Proven,"ISO/IEC/IEEE 15289 release procedure + 12207/ISO 10007 release process; verify-release-procedure resolves all 10 cited enforcement paths and names 10/10 release invariants; gate release-procedure-references-resolve (selftest 3/3: conformant + fail-closed on a missing cited file or a dropped invariant); ADR-0026."
LBA-REQ-037,"The system shall self-audit its five-lens standards posture at clause-evidence granularity, so a fail-closed gate blocks the build when any lens drops below its target score or a required information item, wired gate, or clause anchor is missing.",T-037,"experiments/compliance/verify-compliance-posture.mjs; experiments/compliance/verify-compliance-posture.selftest.mjs; docs/compliance/compliance-posture.md; experiments/verify-local-gates.mjs",Proven,"repo-standards-review five-lens rubric (REQ/ARCH/TEST/CM/DOC) self-audited at clause-evidence granularity over 41 checks; posture 25/25 CONFORMANT; gate continuous-compliance-self-audit (selftest 4/4: conformant + fail-closed on any single missing item); closes audit finding F4 for all standards; ADR-0027."
LBA-REQ-038,"The system shall confirm LabVIEW activation with a headless known-answer probe VI, so a fail-closed gate refuses an install whose activation receipt does not show the probe executed and returned the known answer.",T-038,"experiments/activation/buildActivationReceipt.mjs; experiments/activation/buildActivationReceipt.selftest.mjs; experiments/activation/probe-activation.sh; experiments/activation/fixtures/activation-receipt.json; experiments/activation/fixtures/activation-capture.json; experiments/verify-local-gates.mjs",Proven,"ADR-0023 Phase 1 first slice: headless LabVIEWCLI RunVI known-answer probe (shipped AddTwoNumbers.vi) confirms activation; activation-receipt@1 deterministic (digest over verdict-bearing fields); proven LIVE on the reference host (LabVIEW 2026, 20+22=42, exit 0); gate activation-receipt-confirms-activation (selftest 5/5: offline replay + fail-closed on bad exit/value/success/digest/verdict)."
LBA-REQ-039,"The system shall register a golden VM as a mesh actor only after its activation receipt confirms LabVIEW is activated, so a fail-closed gate refuses registration for an unconfirmed or tampered receipt.",T-039,"experiments/activation/registerMeshActor.mjs; experiments/activation/registerMeshActor.selftest.mjs; experiments/activation/fixtures/activation-receipt.json; experiments/verify-local-gates.mjs",Proven,"ADR-0023 Phase 1: registerGoldenActor enrolls the golden VM in mesh-actors.csv ONLY when the activation-receipt@1 validates as activated (idempotent by role+actor_id); unactivated/tampered receipt refused, registry untouched; gate mesh-actor-registration-requires-activation (selftest 4/4)."
LBA-REQ-040,"The system shall distribute an independent-task workload across a budget-capped pool of ripgrep-only instances proportional to each instance's capacity, so a fail-closed gate proves the shards ran disjointly on distinct instances with every task passing.",T-040,"experiments/parallel/parallelWorkload.mjs; experiments/parallel/runParallel.mjs; experiments/parallel/verify-parallel-workload.selftest.mjs; experiments/parallel/fixtures/parallel-workload-receipt.json; experiments/verify-local-gates.mjs",Proven,"ADR-0028 distributed execution: dynamic pool discovery (host + codespaces + VMs) budget-capped (default host + 2 remote), capacity-weighted split, per-type SSH adapters, ripgrep-only; proven LIVE across 3 instances (host + 2 codespaces, 42 self-tests split 25/9/8, all passed concurrently); gate distributed-parallel-workload (selftest 4/4: N-instance validate + fail-closed on overlap/shared-instance/non-rg/failure)."
LBA-REQ-041,"The system shall route each distributed task only to an instance advertising the capability the task requires, so a fail-closed gate proves every task ran on a capability-matching instance.",T-041,"experiments/parallel/capabilityRouter.mjs; experiments/parallel/runCapabilityRouted.mjs; experiments/parallel/verify-capability-routing.selftest.mjs; experiments/parallel/fixtures/capability-routed-receipt.json; experiments/verify-local-gates.mjs",Proven,"ADR-0029 extends ADR-0028: routeByCapability places each task only on an instance advertising its required capability (host labview+node, codespaces node), capacity-weighted within eligible, throws if unsatisfiable; proven LIVE -- real LabVIEWCLI RunVI activation probe routed to host + 43 node self-tests across host + 2 codespaces, all passed; gate capability-aware-routing (selftest 5/5: capability-correct + fail-closed on misroute/non-rg/failure)."
LBA-REQ-042,"The system shall confirm cross-plane LabVIEW liveness by running the known-answer activation probe on every LabVIEW plane, so a fail-closed gate proves at least two independent LabVIEW planes are activated and operational.",T-042,"experiments/activation/crossPlaneLiveness.mjs; experiments/activation/runCrossPlaneLiveness.mjs; experiments/activation/verify-cross-plane-liveness.selftest.mjs; experiments/activation/fixtures/cross-plane-liveness-receipt.json; experiments/verify-local-gates.mjs",Proven,"ADR-0030 extends ADR-0029 + advances ADR-0023 Phase 1: runCrossPlaneLiveness discovers LabVIEW planes (host + running VBox VMs with LabVIEWCLI over ssh), runs LabVIEWCLI RunVI AddTwoNumbers on each concurrently; PROVEN LIVE across 2 real activated LabVIEW 2026 planes (host + Ubuntu golden VM lba-ubuntu2404-labview2026-scratch, both 7+5=12); gate cross-plane-labview-liveness (selftest 4/4: >=2 activated distinct planes + fail-closed)."
LBA-REQ-043,"The system shall verify cross-plane benchmark determinism by comparing the same VI Analyzer config's deterministic resultHash across every LabVIEW plane, so a fail-closed gate proves the planes agree.",T-043,"experiments/vi-analyzer/crossPlaneComparison.mjs; experiments/vi-analyzer/runCrossPlaneViAnalyzer.mjs; experiments/vi-analyzer/verify-cross-plane-comparison.selftest.mjs; experiments/vi-analyzer/fixtures/cross-plane-comparison-receipt.json; experiments/verify-local-gates.mjs",Proven,"ADR-0031 (North Star): same VI Analyzer config (LabVIEWCLIExampleProject, 69 tests) run on each LabVIEW plane, resultHash via summarizeViAnalyzerReport (LBA-REQ-015); PROVEN LIVE across 2 planes (host + Ubuntu golden VM) BYTE-IDENTICAL resultHash 0419a449...; gate cross-plane-vi-analyzer-determinism (selftest 4/4: matching hashes + fail-closed on divergence)."
LBA-REQ-044,"The system shall provision the from-scratch Ubuntu golden VM with both LabVIEW 2026 Community and VIPM, so a fail-closed gate blocks the build when the provisioner omits either install.",T-044,"experiments/provisioner/checkProvisioner.mjs; experiments/provisioner/verify-provisioner-labview-vipm.selftest.mjs; experiments/provisioner/fixtures/provisioner-vipm-receipt.json; cleanroom/ubuntu-labview/provision-guest.sh; experiments/verify-local-gates.mjs",Proven,"ADR-0023 Phase 1: provision-guest.sh installs ni-labview-2026-community (NI apt, committed key) + VIPM from packages.jki.net (dpkg -i + apt-get install -f, idempotent dpkg -s vipm guard); PROVEN LIVE -- VIPM 26.3.1-4000 installed on the scratch VM (was absent); gate provisioner-installs-labview-and-vipm (selftest 4/4: both installs + fail-closed)."
LBA-REQ-045,"The system shall provide a human-assisted terminal bridge to the golden VM that lets an automation agent drive the VM's interactive shell while a human types any password or token directly on the VM, so a fail-closed gate proves credentials never transit the agent.",T-045,"tools/vm-bridge/vm-bridge.sh; experiments/vm-bridge/checkVmBridge.mjs; experiments/vm-bridge/verify-vm-bridge.selftest.mjs; experiments/vm-bridge/fixtures/vm-bridge-receipt.json; experiments/verify-local-gates.mjs",Proven,"ADR-0032 human-in-the-loop secret safety: shared tmux session ON THE VM; agent drives via tmux send-keys/capture-pane over ssh (run/send/keys/read), secret? detects a credential prompt to hand off, attach gives the human a one-line attach; checkVmBridge fails closed unless secret-safe (no --password/read -s/sshpass) and the receipt shows the agent detected but never answered a prompt; PROVEN LIVE -- agent drove the scratch VM, real password: prompt detected (exit 42) + handed off; gate vm-bridge-human-assisted-secret-safety (selftest 4/4)."
LBA-REQ-046,"The system shall prove VIPM functionally installs a LabVIEW community package into the golden VM's LabVIEW package library, so a fail-closed gate blocks the claim unless the operator-designated self-test package installed cleanly with its files landing in vi.lib.",T-046,"experiments/vipm-install/vipmInstallReceipt.mjs; experiments/vipm-install/verify-vipm-package-install.selftest.mjs; experiments/vipm-install/fixtures/vipm-package-install-receipt.json; experiments/verify-local-gates.mjs",Proven,"ADR-0023 Phase 1 (functional VIPM): the operator installed the designated self-test package g-cli (wiresmith_technology_lib_g_cli) via VIPM Desktop (Community Edition) on lba-golden, resolving its dependency closure (LUnit, LUnit-for-G-CLI, Rainbow Terminal); validateVipmInstallReceipt fails closed unless every package installed cleanly (No Errors, >0 files-installed), vi.lib gained files, the designated package is present, and the verdict-bearing digest is intact; PROVEN LIVE -- VIPM 26.3.1-4000 installed g-cli 3.0.1.98 + deps -> 279 files under vi.lib; gate vipm-functional-package-install (selftest 8/8)."
LBA-REQ-047,"The system shall stream the golden VM live status and analyze a captured timeline for idle spans, so a fail-closed gate proves the committed idle-time analysis is correctly derived from the samples.",T-047,"experiments/vm-live-status/vmStatusAnalysis.mjs; experiments/vm-live-status/vm-live-status.sh; experiments/vm-live-status/verify-vm-live-status.selftest.mjs; experiments/vm-live-status/fixtures/vm-status-timeline-receipt.json; experiments/verify-local-gates.mjs",Proven,"ADR-0023 Phase 1 (live VM visibility): vm-live-status.sh streams overall CPU busy% + LabVIEW cpu/mem + vipm/Xvfb over the bridge and captures NDJSON; vmStatusAnalysis.mjs derives idle vs busy spans, idle%, longest idle run; validateStatusTimelineReceipt fails closed unless the committed analysis re-derives from the samples and the digest is intact; PROVEN LIVE -- real 44s capture on lba-golden (mid-capture CPU burst) = 63.6% idle, 2 idle spans, longest idle run 18s; gate vm-live-status-idle-analysis (selftest 7/7)."
LBA-REQ-048,"The system shall benchmark the golden VM by mass-compiling the public icon-editor source with LabVIEWCLI, so a fail-closed gate proves the committed benchmark result is correctly derived and cross-plane comparable.",T-048,"experiments/mass-compile/massCompileBenchmark.mjs; experiments/mass-compile/verify-mass-compile-benchmark.selftest.mjs; experiments/mass-compile/fixtures/mass-compile-benchmark-receipt.json; experiments/verify-local-gates.mjs",Proven,"ADR-0023 Phase 1 (golden-VM benchmark, replaces deferred VI Analyzer): LabVIEWCLI -OperationName MassCompile compiles the ni/labview-icon-editor resource/ source headless-as-actor; massCompileBenchmark.mjs records the result + a timing-invariant machine-independent resultHash (directory + VI count + bad count + success) for cross-plane comparison; validateMassCompileReceipt fails closed unless the resultHash re-derives, the verdict matches, the bad-VI list is consistent, and the digest is intact; PROVEN LIVE -- MassCompile of resource/ on lba-golden = 307 VIs/CTLs, 0 bad, succeeded, 24s; gate mass-compile-benchmark (selftest 7/7)."
LBA-REQ-049,"The system shall verify the golden-VM provisioner installs every headless-LabVIEW prerequisite (Xvfb, VI Server config for both LabVIEW executable basenames, quoted access lists, post-install reboot), so a fail-closed gate proves a fresh one-command provision yields a headless-benchmark-ready VM.",T-049,"cleanroom/ubuntu-labview/provision-guest.sh; experiments/provisioner-readiness/provisionerReadiness.mjs; experiments/provisioner-readiness/verify-provisioner-readiness.selftest.mjs; experiments/provisioner-readiness/fixtures/provisioner-headless-readiness-receipt.json; experiments/verify-local-gates.mjs",Proven,"ADR-0023 Phase 1 (one-command golden VM): the hardened provision-guest.sh installs Xvfb + writes the VI Server (:3363) config into BOTH labview.conf and labviewcommunity.conf (LabVIEW picks its config by exe basename) with quoted access lists + addresses the post-install reboot; provisionerReadiness.mjs validates the committed receipt against the ACTUAL script text and fails closed if any prerequisite is missing, the ready verdict is forged, or the digest is tampered; folds in the three headless-readiness fixes discovered by hand during lba-golden bring-up; gate provisioner-headless-readiness (selftest 7/7)."
LBA-REQ-050,"The system shall unify the golden-VM LabVIEW benchmarks into a cross-plane grid that records, per benchmark, the machine-independent identity on each plane and the performance metric, so a fail-closed gate proves identities agree across planes and no determinism violation is admitted.",T-050,"experiments/benchmark-grid/benchmarkGrid.mjs; experiments/benchmark-grid/generate-benchmark-grid.mjs; experiments/benchmark-grid/verify-benchmark-grid.selftest.mjs; experiments/benchmark-grid/fixtures/mass-compile-host.receipt.json; experiments/benchmark-grid/fixtures/mass-compile-win.receipt.json; docs/benchmarks/benchmark-grid.md; experiments/verify-local-gates.mjs",Proven,"ADR-0031 cross-plane comparison generalized to a grid (roadmap Phase 4): benchmarkGrid.mjs assembles the committed per-benchmark cross-plane receipts into cross-plane-benchmark-grid@1, derives per-benchmark identity agreement + consensus, and renders docs/benchmarks/benchmark-grid.md; validateBenchmarkGrid fails closed on a determinism violation (planes disagreeing on identity), a forged agreement/verdict, or a tampered digest; PROVEN LIVE across the OS axis -- VI Analyzer (host + scratch VM) resultHash 0419a449 and Mass Compile icon-editor resource/ resultHash bf722123 agrees across host + lba-golden (Linux) + win-VITLT-SERGIO (Windows LabVIEW 2026), 3/3 planes, compile 39s/24s/211s; gate cross-plane-benchmark-grid (selftest 7/7)."
LBA-REQ-051,"The system shall build the ni/labview-icon-editor Editor Packed Library inside the NI LabVIEW container as a benchmark, so a fail-closed gate proves the committed build result is correctly derived and cross-plane comparable.",T-051,"experiments/ppl-build/pplBuildBenchmark.mjs; experiments/ppl-build/verify-ppl-build-benchmark.selftest.mjs; experiments/ppl-build/fixtures/ppl-build-benchmark-receipt.json; experiments/verify-local-gates.mjs",Proven,"ADR-0033 icon-editor container benchmarks (2-actor grid, builder actor): LabVIEWCLI -OperationName ExecuteBuildSpec builds the icon-editor Editor Packed Library spec of lv_icon_editor.lvproj inside the NI LabVIEW container nationalinstruments/labview:2026q1-linux -> lv_icon.lvlibp (native, no g-cli); pplBuildBenchmark.mjs records the machine-independent build identity (project + target + build spec + generated artifact + success) + build time; validatePplReceipt fails closed on a stale/tampered resultHash, forged verdict, no-artifact build, or tampered digest; PROVEN LIVE -- NI container built lv_icon.lvlibp (2948583 bytes) from icon-editor @9545c48 in 59s, ExecuteBuildSpec succeeded; gate ppl-build-benchmark (selftest 7/7)."
LBA-REQ-052,"The system shall build the g-cli launcher from its Rust source and prove it on this host, so a fail-closed gate confirms the committed round-trip is correctly derived and cross-plane comparable.",T-052,"experiments/g-cli-proxy/gcliProxyBenchmark.mjs; experiments/g-cli-proxy/verify-g-cli-proxy-proof.selftest.mjs; experiments/g-cli-proxy/fixtures/g-cli-proxy-proof-receipt.json; experiments/verify-local-gates.mjs",Proven,"ADR-0033 icon-editor container benchmarks (2-actor grid, tester-actor enabler): on Linux g-cli ships no prebuilt binary -- the launcher is the rust-proxy crate (G-CLI/G-CLI @662f75a) built with cargo build --release; gcliProxyBenchmark.mjs records the machine-independent proof identity (tool + version + source commit + operation + args in + echoed text + exit code + LabVIEW version/bitness); validateGcliReceipt fails closed on an echo that does not match the args sent, a stale/tampered resultHash, a forged verdict, or a tampered digest; PROVEN LIVE -- g-cli 3.0.1 built from Rust in 6.7s then drove host LabVIEW 2026 headless to run Echo Parameters.vi, which echoed hello/from/host and exited 0; gate g-cli-proxy-proof (selftest 7/7)."
LBA-REQ-053,"The system shall run the ni/labview-icon-editor LUnit suite via g-cli as a benchmark, so a fail-closed gate proves the committed test inventory is correctly derived and cross-plane comparable.",T-053,"experiments/lunit-test/lunitTestBenchmark.mjs; experiments/lunit-test/verify-lunit-test-benchmark.selftest.mjs; experiments/lunit-test/fixtures/lunit-test-benchmark-receipt.json; experiments/verify-local-gates.mjs",Proven,"ADR-0033 icon-editor container benchmarks (2-actor grid, tester actor): the Rust-built g-cli (LBA-REQ-052) runs g-cli --lv-ver 2026 --arch 64 lunit -- -r <report> lv_icon_editor.lvproj with the LUnit framework from icon-editor-developer.vipc (NOT runner_dependencies.vipc); lunitTestBenchmark.mjs records the machine-independent test inventory (sorted class/case set + suite structure), outcomes recorded but not hashed; validateLunitReceipt fails closed on an inventory/total mismatch, a stale/tampered resultHash, a forged verdict, or a tampered digest; PROVEN LIVE -- g-cli lunit ran the icon-editor suite on lba-golden @9545c48, 4 LUnit classes / 25 cases (10 passed, 2 failed, 8 errored headless, 5 setup), well-formed JUnit report; gate lunit-test-benchmark (selftest 7/7)."
LBA-REQ-054,"The system shall assemble every committed benchmark receipt into a benchmark-type x plane coverage matrix (the Benchmark Observatory), so a fail-closed gate proves the suite-wide determinism ledger and coverage are correctly derived.",T-054,"experiments/benchmark-observatory/benchmarkObservatory.mjs; experiments/benchmark-observatory/generate-benchmark-observatory.mjs; experiments/benchmark-observatory/verify-benchmark-observatory.selftest.mjs; experiments/verify-local-gates.mjs",Proven,"ADR-0034 benchmark observatory (roadmap Phase 2): benchmarkObservatory.mjs folds every committed benchmark receipt (VI Analyzer + Mass Compile host/golden/win + icon-editor PPL build + LUnit test) into a benchmark-type x plane coverage matrix + determinism ledger + data-driven frontier; derived from committed receipts (pure/offline), the generated docs/benchmarks/benchmark-observatory.md is regenerated in lba verify + drift-gated; validateObservatory fails closed on a determinism violation, a coverage matrix that contradicts the receipts, a stale surface, a forged verdict, or a tampered digest; DERIVED -- 4 benchmark types x 5 planes, 2 cross-plane-proven, 0 violations, 35% cells, 13-cell frontier; gate benchmark-observatory (selftest 8/8)."
LBA-REQ-055,"The system shall emit a machine-readable capture-status beacon for each LabVIEW-launch capture (capturing -> stopped/failed), so a fail-closed gate proves the rich stop payload (wroteToDisk, peak write throughput + its frame, per-disk breakdown) is correctly derived and an agent can await a human-in-the-loop step.",T-055,"experiments/handoff-beacon/captureStatus.mjs; experiments/handoff-beacon/captureStatus.selftest.mjs; reviewer-workstation/await-handoff.sh; reviewer-workstation/await-handoff.ps1; src/extension.ts; experiments/verify-local-gates.mjs",Proven,"ADR-0035 Handoff Beacon Protocol (human-in-the-loop as a machine-observable signal): captureStatus.mjs derives the capture-status@1 beacon (wroteToDisk thresholded >1 MB/s for >=3 samples, peak write MB/s + the frame index where it peaked, per-physical-disk write/read peaks); the extension writes capture-status.json at capture start (capturing) + stop (stopped) or assembly failure (failed), best-effort; reviewer-workstation/await-handoff.sh runs the guest poll ONCE + blocks until stopped|failed or timeout (the one sanctioned poll); validateCaptureStatus fails closed on a bad schema/state/missing payload; gate handoff-capture-status (selftest 6/6). Live: the operator's streaming VI -> stopped beacon wroteToDisk=true peak 134 MB/s @ frame 1122, resolved by the poll."
LBA-REQ-056,"The system shall surface an agent's request for a human step as an in-VM VS Code notification whose ""Mark step done"" / ""Skip"" actions emit a machine-readable op-done beacon, so a fail-closed gate proves the request/answer payloads are correctly derived and the agent can await a human-in-the-loop step it initiated.",T-056,"experiments/handoff-beacon/handoffRequest.mjs; experiments/handoff-beacon/handoffRequest.selftest.mjs; reviewer-workstation/request-step.sh; reviewer-workstation/request-step.ps1; reviewer-workstation/build-agent-request.mjs; src/extension.ts; experiments/verify-local-gates.mjs",Proven,"ADR-0036 agent->human request beacon (under ADR-0035 Handoff Beacon Protocol): handoffRequest.mjs derives agent-request@1 + op-done@1 (validated fail-closed) + selectPendingRequest (newest unanswered); the extension watches handoff/requests/ + surfaces the ask as a notification with Mark step done (optional note) / Skip actions -- also palette commands markStepDone/skipStep -- writing op-done to handoff/done/<id>.json; reviewer-workstation/request-step.sh drops the request into the VM + polls the answer ONCE (the one sanctioned poll); gate handoff-request (selftest 5/5). Live: the agent asked the human in the reviewer VM + resumed on the op-done beacon."
LBA-REQ-057,"The system shall emit a signed reviewer visual verdict (reviewer-verdict@1 mapping to acg-human-signoff-v1) for an extension release candidate, so a fail-closed gate proves the human's PASS/FAIL of the built candidate is Ed25519-signed by an enrolled reviewer and gates the release alongside the plane agreement.",T-057,"experiments/handoff-beacon/reviewerVerdict.mjs; experiments/handoff-beacon/reviewerVerdict.selftest.mjs; experiments/handoff-beacon/release-with-review.mjs; tools/collab-cli/verify-visual-review.mjs; tools/collab-cli/reviewer-allowlist.json; reviewer-workstation/render-verdict.sh; reviewer-workstation/verify-staged-vsix.mjs; reviewer-workstation/verify-staged-vsix.selftest.mjs; reviewer-workstation/enroll-reviewer.mjs; src/extension.ts; experiments/verify-local-gates.mjs",Proven,"ADR-0037 reviewer visual verdict beacon (under ADR-0035): reviewerVerdict.mjs (dependency-free, staged to media/) builds + Ed25519-signs the human PASS/FAIL of a release candidate IN the VM (enrolled reviewer key, no OIDC) mapping to acg-human-signoff-v1; gateVisualReview publishes only on pass + verified enrolled approvals; release-with-review.mjs composes it with the ADR-0018 gateReleasePublish; the extension Render Reviewer Verdict command signs into handoff/verdicts/; verify-visual-review.mjs gates a release visualReview block vs reviewer-allowlist.json; render-verdict.sh sets the target + collects; enroll-reviewer.mjs mints enrolled keys; CI keyless-cosign counter-signs; gate handoff-verdict (selftest 6/6). Live: the reviewer signs a pass verdict for ext 0.5.0 that verifies against the enrolled allowlist."
LBA-REQ-058,"The system shall announce a signed reviewer verdict on the lbabus coordination bus with a semantic message type (pass -> RESOLVED, changes -> REFINE, fail -> BLOCKED) carrying the full signed verdict, so a fail-closed gate proves the announcement is correctly derived and remote actors see the human's PASS/FAIL.",T-058,"experiments/handoff-beacon/reviewerVerdict.mjs; experiments/handoff-beacon/reviewerVerdict.selftest.mjs; reviewer-workstation/post-verdict.mjs; src/extension.ts; .github/workflows/extension-release.yml; experiments/verify-local-gates.mjs",Proven,"ADR-0038 reviewer verdict bus announcement (under ADR-0035): buildVerdictBusPost (in the staged reviewerVerdict.mjs) derives the semantic lbabus post (pass->RESOLVED/changes->REFINE/fail->BLOCKED, task <component>-release-<version>, ref=commit, priority) from a signed verdict record; the extension (busPostArgs + postVerdictToBus) posts it from the VM after signing best-effort + the release-CI Discussion announce was REMOVED under live-only (LBA-REQ-064/ADR-0044; the extension + post-verdict.mjs paths remain, now net-capable); the full signed verdict JSON is the message body (--message-file); gate handoff-verdict (selftest 7/7). Live: the ext 0.5.0 PASS verdict posts as a RESOLVED message on the extension-release-0.5.0 task."
LBA-REQ-059,"The system shall close the host<->VM-agent coordination loop over the lbabus net TCP bus -- after driving the reviewer VM's Copilot agent, the host awaits the agent's reply frame correlated by task id (fail-closed on mismatch/timeout) and the signed reviewer verdict announces with a semantic net type (RESOLVED/REFINE/BLOCKED), so a fail-closed gate proves the read-back + the semantic types are correctly derived and coordination rides TCP, not a GitHub Discussion.",T-059,"reviewer-workstation/await-agent-reply.mjs; reviewer-workstation/await-agent-reply.selftest.mjs; reviewer-workstation/drive-agent-closed-loop.sh; reviewer-workstation/drive-agent-chat.sh; reviewer-workstation/closed-loop-readback-proof.sh; reviewer-workstation/closed-loop-readback-receipt.json; tools/collab-cli/Net.cs; experiments/verify-local-gates.mjs",Proven,"ADR-0039 host<->VM-agent closed loop over TCP: await-agent-reply.mjs runs lbabus net listen + correlates the VM agent's reply by task/type (fail-closed on mismatch/timeout); drive-agent-closed-loop.sh composes keyboard-inject (drive-agent-chat.sh) + await; the net envelope type set (BusWire.Types in Net.cs) gains RESOLVED/REFINE/BLOCKED (option A) so a signed verdict rides net as a semantic event; guest->host proven in provider-delegation/vm-run-evidence.json; gate closed-loop-readback (await-agent-reply selftest 7/7 + committed closed-loop-readback-receipt.json + net-types assertion). Live: 3 drives from the reviewer VM (senderId WIN) -- closed loop (lbabus ready on VM), release-with-review (ext 0.5.0 launch-to-ready 2604 ms/5 samples PASS via lba-benchmark-summary), verdict announcement (RESOLVED: PASS) -- all over TCP, no GitHub Discussion."
LBA-REQ-060,"The system shall provide a live-only net coordination read side -- a per-actor local receive-log written by lbabus net listen --log and read by lbabus net poll (filtered by type/task; fail-closed without a log) -- so a fail-closed gate proves post->log->poll round-trips over TCP and coordination reads no longer depend on a GitHub Discussion.",T-060,"tools/collab-cli/Net.cs; experiments/net-coordination/net-coordination-log-proof.sh; experiments/net-coordination/net-coordination-log-receipt.json; experiments/verify-local-gates.mjs",Proven,"ADR-0040 live-only net coordination: net listen --log appends received frames to a per-actor JSONL receive-log (BusWire.ToJson); net poll reads + filters it by type/task (BusWire.FromJson), mirroring the Discussion poll UX over TCP, fail-closed without a log; the send side (net send) already existed; no central/async store (an offline peer misses the frame -- accepted). Gate net-coordination-log (committed loopback receipt + Net.cs source assertion). Loopback: post->log->poll round-trip + type filter (NOTE/RESOLVED) + poll-without-log fails closed. First increment of retiring the GitHub-Discussion transport."
LBA-REQ-061,"The system shall let the extension select the coordination-bus transport -- GitHub Discussion (default) or the live-only lbabus net TCP bus (opt-in via busTransport/busNetHosts/busNetLog) -- so postNote/pollBus/the reviewer-verdict announcement ride net send/net poll when configured, and a fail-closed gate proves the switch + the Discussion-safe default.",T-061,"src/extension.ts; package.json; test/extension-activation.mjs; experiments/verify-local-gates.mjs",Proven,"ADR-0041 bus transport selection: busConfig reads busTransport/busNetHosts/busNetLog; busSendArgs builds the lbabus net send argv (type/task/--message-file); postNote->net send, pollBus->net poll --log, the reviewer-verdict announcement->busSendArgs under net, reusing the semantic net types (ADR-0039); Discussion stays the default (busPostArgs/post + poll unchanged -- no user-facing change, best-effort verdict announce preserved). Extension tests (busSendArgs + 24-command activation) in test/extension-activation.mjs; gate bus-transport-select (src/extension.ts + package.json source assertion, Discussion default). Off-Discussions step 2; MCP + post-verdict.mjs + release CI deferred."
LBA-REQ-062,"The system shall let the extension's MCP coordination tools select the transport -- the provider passes the bus-transport config as env (VIHS_COLLAB_TRANSPORT/NET_HOSTS/NET_LOG) and the stdio server routes poll_coordination_bus/post_coordination_note to net poll/net send under net (Discussion default) -- so the agent tool surface coordinates over TCP when configured, proven by a fail-closed gate.",T-062,"src/mcp/runBenchmarkActorMcpServer.ts; src/mcp/benchmarkActorMcpServerProvider.ts; test/mcp-server.mjs; experiments/verify-local-gates.mjs",Proven,"ADR-0042 MCP transport selection: busEnvFromConfig (provider) maps busTransport/busNetHosts/busNetLog to VIHS_COLLAB_TRANSPORT/NET_HOSTS/NET_LOG on the launched McpStdioServerDefinition env; pollBusArgs/postNoteArgs (server) route poll_coordination_bus->net poll --log + post_coordination_note->net send --hosts under net, reusing the CLI env names; Discussion stays the default (poll/post unchanged, tool schemas + mcp-tools doc unchanged, soft-isError on missing CLI). Unit-covered in test/mcp-server.mjs (busEnvFromConfig net/discussion + the transport-agnostic stdio tools); gate mcp-net-transport (src/mcp source assertion). Off-Discussions step 3; post-verdict.mjs + release CI + Discussion removal deferred."
LBA-REQ-063,"The system shall let the reviewer-workstation verdict announcer (post-verdict.mjs) select the transport -- GitHub Discussion (default) or the live-only lbabus net TCP bus (opt-in via VIHS_COLLAB_TRANSPORT/NET_HOSTS) -- so a signed verdict announces via net send with the same semantic type when configured, and a fail-closed gate proves the argv under both transports.",T-063,"reviewer-workstation/post-verdict.mjs; experiments/verify-local-gates.mjs",Proven,"ADR-0043 post-verdict transport selection: post-verdict.mjs reads VIHS_COLLAB_TRANSPORT/NET_HOSTS -> net emits net send --hosts --type <RESOLVED/...> --task <component>-release-<version> --message-file <verdict> (net envelope has no priority/ref -- in the verdict JSON), else the Discussion post argv (with priority/ref); --print-args/--dry-run/post honor it. Discussion stays the default so the release CI (which calls --print-args) is unchanged. Gate post-verdict-net-transport runs --print-args under both transports + asserts the argv. Off-Discussions step 4; release-CI announce decision + Discussion removal deferred."
LBA-REQ-064,"The system shall NOT announce the reviewer verdict to a GitHub Discussion from the release publish workflow -- the durable record of the human PASS is the committed signed verdict (release-agreement visualReview, keyless counter-signed); under the live-only net model CI has no bus peer -- so a fail-closed gate proves the publish workflow carries no GitHub-Discussion announce.",T-064,".github/workflows/extension-release.yml; docs/architecture/adr/ADR-0044-drop-release-ci-discussion-announce.md; experiments/verify-local-gates.mjs",Proven,"ADR-0044 drop the release-CI Discussion announce: the Set up .NET + Announce-the-reviewer-verdict steps are removed from extension-release.yml (no dotnet run LbaBus, no lbabus post to a GitHub Discussion in the publish pipeline); the committed signed verdict (release-agreement visualReview, staged for keyless counter-sign + Fulcio/rekor) is the durable record + verify-visual-review still gates the release; off-CI the live announce stays via post-verdict.mjs/extension over net (ADR-0041/0043). Supersedes the CI-announce portion of ADR-0038/LBA-REQ-058. Gate release-no-discussion-announce. Off-Discussions step 5; Discussion-transport removal deferred."
LBA-REQ-065,"The system shall default the coordination-bus transport to the live-only lbabus net TCP bus (GitHub Discussion becomes a legacy opt-out) AND degrade gracefully when net is unconfigured -- net poll with no receive-log and net send --skip-if-no-peer with no peer both exit 0 with a hint (no error, no dead loopback) -- so a fresh install coordinates over TCP once a peer/log is set and does nothing quietly until then.",T-065,"tools/collab-cli/Net.cs; src/extension.ts; src/mcp/benchmarkActorMcpServerProvider.ts; src/mcp/runBenchmarkActorMcpServer.ts; reviewer-workstation/post-verdict.mjs; package.json; experiments/verify-local-gates.mjs",Proven,"ADR-0045 flip the coordination default to net: busTransport defaults to net across the extension/MCP provider+stdio/post-verdict (Discussion is the legacy opt-out busTransport=discussion / VIHS_COLLAB_TRANSPORT=discussion); net poll with no receive-log softened from fail-closed to a graceful exit 0 (hint), and the send side passes --skip-if-no-peer so net send with no peer exits 0 (no dead loopback) -- an unconfigured net-default install is a silent no-op until a peer (busNetHosts/VIHS_COLLAB_NET_HOSTS) and/or receive-log (busNetLog/VIHS_COLLAB_NET_LOG) is set. Updates the ADR-0041/0042/0043 defaults + softens the ADR-0040 poll fail-closed. npm test covers the extension+MCP default flip; the net-coordination-log receipt covers the graceful poll. Gates net-default-graceful (Net.cs graceful branches + net default) + bus-transport-select (default === net). Off-Discussions step 6; Discussion-transport removal deferred (final)."
LBA-REQ-066,"The system shall coordinate over the live-only lbabus net TCP bus ONLY across its product surface (the extension commands + the MCP coordination tools + the reviewer verdict announcer) -- the GitHub-Discussion transport opt-out is removed (no busTransport selection, no consumer builds a Discussion post/poll argv) -- so a fail-closed gate proves the product surface is net-only.",T-066,"src/extension.ts; src/mcp/benchmarkActorMcpServerProvider.ts; src/mcp/runBenchmarkActorMcpServer.ts; reviewer-workstation/post-verdict.mjs; package.json; test/extension-activation.mjs; test/mcp-server.mjs; experiments/verify-local-gates.mjs",Proven,"ADR-0046 collapse the product surface to net-only: the labviewBenchmarkActor.busTransport setting is removed (busNetHosts/busNetLog remain); the extension (busConfig -> {netHosts,netLog}; pollBus->net poll, postNote+verdict->net send; no busPostArgs), the MCP provider+stdio (busEnvFromConfig maps only NET_HOSTS/NET_LOG; pollBusArgs/postNoteArgs net-only; no VIHS_COLLAB_TRANSPORT), and post-verdict.mjs (net send only, no --priority/--ref) build only the net argv. The graceful no-op (ADR-0045: --skip-if-no-peer / net poll exit 0) is preserved. Supersedes the transport-selection of ADR-0041/0042/0043. npm test covers the net-only extension+MCP; gates bus-transport-select/mcp-net-transport/post-verdict-net-transport (now net-only) + net-default-graceful. Off-Discussions step 7; the CLI Discussion-transport removal is the deferred step 8."
LBA-REQ-067,"The system shall NOT expose a GitHub-Discussion coordination transport from the lbabus CLI -- the init/post/poll/wait/delta subcommands and the GraphQL Discussion client are removed (GitHubGraphQL keeps only the REST release-tag + issue-comment calls for selfcheck/defect), leaving the live-only lbabus net TCP bus as the sole coordination transport -- so a fail-closed gate proves the CLI carries no Discussion transport.",T-067,"tools/collab-cli/Program.cs; tools/collab-cli/GitHubGraphQL.cs; tools/collab-cli/Config.cs; tools/collab-cli/ci/cases; experiments/verify-local-gates.mjs",Proven,"ADR-0047 remove the CLI Discussion transport (off-Discussions step 8, final): Program.cs drops init/post/poll/wait/delta + the EnforceVersionOrNull version guard + ParseAll/SeedBody/Eq/Dur; GitHubGraphQL is REST-only (drops Query/ResolveContext/FindDiscussion/CreateDiscussion/EnsureDiscussion/ListComments/AddComment + the DiscussionRef/DiscussionComment records; keeps ListReleaseTags for selfcheck + AddIssueComment for defect); Config drops Category/Title/AgentId/Counterpart/AddressesMe; the 12 discussion/version-guard ci cases are retired (grep+defect+runner-meta remain). The live-only lbabus net TCP bus is the sole coordination transport. dotnet build + a CLI smoke test verify it; gate cli-no-discussion-transport. Doc sweep + mock trim + ollama-bus retirement deferred to step 8b (no gate impact). Completes the off-Discussions migration."
LBA-REQ-068,"The system shall record, as a committed fail-closed receipt, that the host drove the reviewer VM's Copilot agent to run the RELEASED net-only lbabus (collab-cli 0.15.0, pulled from the immutable collab-cli-v0.15.0 release) and the VM reported task-correlated results back over the lbabus net TCP bus -- the sole coordination path, since the released CLI rejects the retired init/post/poll/wait/delta Discussion commands -- so a fail-closed gate proves the end-to-end net-only drive loop is reproducible off any GitHub-Discussion dependency.",T-068,"reviewer-workstation/net-only-live-drive.mjs; reviewer-workstation/net-only-live-drive.selftest.mjs; reviewer-workstation/net-only-live-drive-receipt.json; reviewer-workstation/drive-agent-closed-loop.sh; reviewer-workstation/await-agent-reply.mjs; experiments/verify-local-gates.mjs",Proven,"ADR-0049 net-only live VM-agent drive: builds on the read-back mechanism of LBA-REQ-059/ADR-0039 but proves the loop with the RELEASED net-only binary (collab-cli-v0.15.0) installed on the reviewer VM. The committed net-only-live-drive-receipt@1 seals 3 real drives from the VM (senderId WIN, matched over lbabus net TCP): net-only install, benchmark re-drive (launch-to-ready 2604.2 ms/5 samples PASS), and the WIN 0.15.0 release sign-off (version=0.15.0, post=unknown command exit 1, PASS); plus the net-only CLI proof (collab-cli-v0.15.0 rejects init/post/poll/wait/delta). The verifier (net-only-live-drive.mjs) re-derives the digest + verdict deterministically + fails closed on a non-WIN/unmatched drive, an incomplete net-only proof, a forged verdict, or a tampered digest; selftest 7/7; gate net-only-live-drive. Comms-only (ADR-0003): each reply is a one-line status."
LBA-REQ-069,"The system shall record, as a committed fail-closed receipt, that ONE release-with-review loop is bound to a single candidate over the net-only bus -- the reviewer VM staged the candidate over lbabus net, a human Ed25519-signed a visual PASS/FAIL of THAT candidate (component/version/commit/vsixSha256), and the signed verdict announced over net with its semantic type -- so a fail-closed gate proves the staged, signed, and announced candidate are the SAME.",T-069,"reviewer-workstation/release-with-review-drive.mjs; reviewer-workstation/release-with-review-drive.selftest.mjs; reviewer-workstation/release-with-review-drive-receipt.json; experiments/handoff-beacon/reviewerVerdict.mjs; experiments/verify-local-gates.mjs",Proven,"ADR-0050 release-with-review drive: binds the net-staged candidate (LBA-REQ-068) to the signed visual verdict (LBA-REQ-057) announced over net (LBA-REQ-058) -- all bound to the same candidate. The verifier release-with-review-drive.mjs REUSES verifyReviewerVerdict/gateVisualReview/buildVerdictBusPost from reviewerVerdict.mjs + adds the binding: a matched WIN staging drive over net, the verdict target == the staged candidate (component/version/commit/vsixSha256), the enrolled Ed25519 sign-off verifies + the visual-review gate publishes, and the net announce is correctly derived (type/task/ref). The committed release-with-review-drive-receipt@1 seals one real round (ext 0.5.0 staged over net task rev-1785753563, signed PASS by reviewer@vi-tech.nl, announced RESOLVED on extension-release-0.5.0); re-derives the binding + verdict + digest deterministically + fails closed on a candidate mismatch, an unverified sign-off, a non-publishing gate, a mis-derived announce, or a tampered digest; selftest 7/7; gate release-with-review-drive. Comms-only (ADR-0003)."
LBA-REQ-070,"The system shall record, as a committed fail-closed receipt, that a release candidate publishes ONLY when BOTH the machine corroboration gate (a quorum verdict + an enrolled sign-off over it, ADR-0018) AND the human visual gate (an enrolled signed PASS of the built candidate, LBA-REQ-057) pass, AND both name the SAME net-staged candidate (LBA-REQ-068/069) -- so a fail-closed gate proves the machine quorum, the human visual verdict, and the net stage all name one candidate.",T-070,"reviewer-workstation/composite-release-decision.mjs; reviewer-workstation/composite-release-decision.selftest.mjs; reviewer-workstation/composite-release-decision-receipt.json; reviewer-workstation/assemble-composite.mjs; reviewer-workstation/assemble-composite.selftest.mjs; experiments/handoff-beacon/release-with-review.mjs; experiments/acg-reviewer/sign-off.mjs; experiments/verify-local-gates.mjs",Proven,"ADR-0051 composite release decision (capstone): binds the machine corroboration gate (gateReleasePublish, ADR-0018/LBA-REQ-027) to the human visual gate (gateVisualReview, LBA-REQ-057) over the SAME net-staged candidate (LBA-REQ-068/069). The verifier composite-release-decision.mjs REUSES gateReleaseWithReview (which composes gateReleasePublish + gateVisualReview) + candidatesMatch/stagedOk + adds the cross-gate binding: the machine quorum consensus.version/sourceCommit == the candidate == the visual verdict target, and the candidate was staged over net by a matched WIN drive. The committed composite-release-decision-receipt@1 seals one real round (ext 0.5.0: passing 2-witness quorum + an enrolled sign-off over the quorum digest + an enrolled signed visual PASS + the net staging drive rev-1785753563), one reviewer signing both gates with one enrolled Ed25519 key; re-derives the decision + binding + digest deterministically + fails closed unless both gates publish AND both name the staged candidate (or on a tampered digest); selftest 7/7; gate composite-release-decision. No gate reinvented. Comms-only (ADR-0003)."
LBA-REQ-071,"The extension release workflow shall block publishing a .vsix unless a committed composite release-decision proves BOTH gates pass for the tagged candidate version -- the agreement job runs verify-composite-release.mjs (fail-closed) and the publish release job depends on agreement -- so no extension release publishes without the bound composite decision (LBA-REQ-070).",T-071,"tools/collab-cli/verify-composite-release.mjs; .github/workflows/extension-release.yml; reviewer-workstation/composite-release-decision.mjs; experiments/verify-local-gates.mjs",Proven,"ADR-0052 enforce the composite release decision: verify-composite-release.mjs REUSES the gated composite validateReceipt (LBA-REQ-070) to require the committed composite receipt to name the tagged <component,version> + be proven (exit 0 clear / 1 fail-closed); extension-release.yml's agreement job runs it after verify-visual-review, and the release (publish) job needs [build, agreement], so the composite decision GATES the publish. The gate composite-release-enforced proves (offline, deterministic) the CLI clears ext 0.5.0 + fails closed for a version with no proven decision, and that extension-release.yml wires the CLI in the publish-gating agreement job. Completes the release-gate arc: machine quorum (027) + human visual (057) + net stage (068) + stage-sign-announce binding (069) + machine+human composite (070) + the enforced publish gate (071). Only runs on ext-v* tags / workflow_dispatch (not PR CI); a future release adds its own composite receipt."
LBA-REQ-072,"The system shall prove that a Linux and a Windows launch-to-ready benchmark receipt measure the SAME benchmark via a machine-independent launch identity (metric + workload + sample count) -- so their plane-specific timings are legitimately comparable -- and a fail-closed gate rejects an identity mismatch, a non-cross-plane pair, or a tampered receipt.",T-072,"experiments/launch-parity/launchParity.mjs; experiments/launch-parity/launchParity.selftest.mjs; experiments/launch-parity/cross-plane-launch-parity-receipt.json; experiments/launch-parity/fixtures/linux-launch-trend.json; experiments/launch-parity/fixtures/win-launch-trend.json; experiments/verify-local-gates.mjs",Proven,"ADR-0053 cross-plane launch-benchmark parity: the flagship exact-12-FPS launch-to-ready benchmark measures a plane-DEPENDENT quantity (~2604 ms Linux vs ~2410 ms Windows), so its cross-plane identity is the benchmark SPEC not the series (unlike mprr seriesHash LBA-REQ-014 / VI Analyzer resultHash LBA-REQ-015/043). launchParity.mjs launchIdentity = sha256 over {metric,workload,n}; parity proven iff both are valid workload-trend@1, cross-plane (one LINUX + one WIN), identities match; the plane means + signed delta + faster plane are performance witnesses, not identity. The committed cross-plane-launch-parity-receipt@1 is DERIVED FROM the committed launch-trend fixtures (experiments/launch-parity/fixtures/{linux,win}-launch-trend.json) -- LINUX 2604.2 ms vs WIN 2410.6 ms, WIN faster by 193.6 ms (-7.4%); the gate re-derives it + asserts it reflects the real trend means (non-fabricable). Fails closed on identity mismatch / non-cross-plane / invalid trend / tampered digest; selftest 7/7; gate cross-plane-launch-parity. Realizes the roadmap Phase 2/4 parity metric for the flagship benchmark."
LBA-REQ-073,"The system shall prove fulfillment of a DISPATCHED cross-plane benchmark run by validating that >= N distinct enrolled mesh actors from the requested planes each returned a valid plane-tagged receipt for the SAME benchmark identity -- so a fail-closed gate proves the mesh run was fulfilled by enough independent cross-plane actors, with no central results database (the returned receipts ARE the result).",T-073,"experiments/mesh-fulfillment/meshFulfillment.mjs; experiments/mesh-fulfillment/meshFulfillment.selftest.mjs; experiments/mesh-fulfillment/mesh-run-fulfillment-receipt.json; experiments/launch-parity/launchParity.mjs; experiments/verify-local-gates.mjs",Proven,"ADR-0054 mesh-run cross-plane fulfillment (roadmap Phase 3, the North Star loop): a dispatched cross-plane benchmark run is proven fulfilled by >= N independent enrolled actors from distinct planes, each returning a valid plane-tagged receipt for the SAME benchmark identity -- no central DB, the receipts ARE the result. meshFulfillment.mjs REUSES the LBA-REQ-072 launchIdentity as the cross-actor agreement invariant + composes the actor identity (LBA-REQ-039) + the provider-delegation CLAIM/ACK/DONE dispatch primitives (LBA-REQ-018). Fulfilled iff >= minActors distinct actors, requested planes covered, each a valid plane-tagged workload-trend@1 (plane matches actor), all identities agree; fails closed on too few/duplicate/uncovered-plane/invalid/identity-disagreement/tampered-digest (selftest 7/7); gate mesh-run-cross-plane-fulfillment. The committed mesh-run-fulfillment-receipt@1 seals a REAL run: labview-ide-launch fulfilled by golden-linux (LINUX 2604.2 ms) + golden-win (WIN 2410.6 ms), each embedding its real launch-trend receipt. Realizes the section-8 mesh metric. Next Phase-3 increment: the repository_dispatch transport."
LBA-REQ-074,"The system shall dispatch a cross-plane benchmark run GitHub-natively via a repository_dispatch event carrying a validated mesh-run-dispatch@1 request bound to its fulfillment, and gate the returned receipts on cross-plane fulfillment -- so a fail-closed gate proves the dispatch->fulfill loop is wired with no central server (the repo IS the queue).",T-074,"experiments/mesh-fulfillment/meshDispatch.mjs; experiments/mesh-fulfillment/meshDispatch.selftest.mjs; experiments/mesh-fulfillment/mesh-run-dispatch-request.json; .github/workflows/mesh-run.yml; experiments/mesh-fulfillment/meshFulfillment.mjs; experiments/verify-local-gates.mjs",Proven,"ADR-0055 GitHub-native mesh-run dispatch transport (roadmap Phase 3): closes the dispatch->fulfill loop. meshDispatch.mjs validates a mesh-run-dispatch@1 request (benchmarkId + {metric,workload,n} spec + minActors>=1 + non-empty valid requestedPlanes + dispatchId), carrying the LBA-REQ-072 launchIdentity so a dispatch + its fulfillment (LBA-REQ-073) are provably the SAME run; fails closed on missing-benchmarkId/bad-minActors/empty-or-invalid-planes/identity-mismatch/tampered-digest (selftest 7/7). .github/workflows/mesh-run.yml triggers on repository_dispatch[mesh-run] (the client_payload IS the request; the repo IS the queue), validates the dispatch, then gates the returned receipts with meshFulfillment (no central DB). Gate mesh-run-dispatch-wired proves offline: the committed request validates + BINDS to the LBA-REQ-073 fulfillment (same benchmarkId + identity + minActors + planes) + mesh-run.yml is wired (repository_dispatch[mesh-run] + both verifiers). Live fan-out (actor tasking + receipt-collection artifacts) is the next Phase-3 increment."
LBA-REQ-075,"The system shall fold the governed mesh-run receipts (dispatch, fulfillment, cross-plane parity) into a coverage matrix + a consistency ledger -- which benchmarks x which planes x how many actors fulfilled, and whether each run's dispatch/fulfillment/parity name the SAME identity -- so a fail-closed gate proves the operator-facing mesh dashboard reflects the receipts it summarizes.",T-075,"experiments/mesh-fulfillment/meshObservatory.mjs; experiments/mesh-fulfillment/meshObservatory.selftest.mjs; experiments/mesh-fulfillment/mesh-coverage-observatory-receipt.json; experiments/mesh-fulfillment/mesh-run-fulfillment-receipt.json; experiments/verify-local-gates.mjs",Proven,"ADR-0056 the mesh coverage observatory (roadmap Phase 3->4): folds the governed mesh-run receipts (dispatch LBA-REQ-074 + fulfillment LBA-REQ-073 + cross-plane parity LBA-REQ-072) into a mesh-coverage-observatory@1 coverage matrix + consistency ledger -- benchmarks x planes x actors, and whether each run's dispatch/fulfillment/parity name the SAME identity. meshObservatory.mjs folds each run into a coverage row (dispatched, fulfilled, distinct actors, covered planes, parity proven, consistent) + derives the matrix + ledger; fails closed on identity-disagreement/un-fulfilled-counted-coherent/miscounted-coverage/stale-re-fold/tampered-digest (selftest 7/7). The committed observatory re-derives byte-stably from the committed source receipts (currency) + is grounded in the real LBA-REQ-073 fulfillment (identity + actor count + covered planes). Gate mesh-coverage-observatory. The operator-facing mesh dashboard + the Phase 3->4 cross-plane-comparison-at-scale bridge; folding more fulfilled runs extends the matrix with no new machinery."
LBA-REQ-076,"The system shall expand a validated mesh-run dispatch into per-plane actor tasking and validate the returned-receipt collection that feeds fulfillment, both identity-bound to the dispatch -- so a fail-closed gate proves every collected receipt provably descends from the dispatched tasks and ran the SAME benchmark.",T-076,"experiments/mesh-fulfillment/meshFanout.mjs; experiments/mesh-fulfillment/meshFanout.selftest.mjs; experiments/mesh-fulfillment/mesh-run-tasking.json; experiments/mesh-fulfillment/mesh-run-collection.json; .github/workflows/mesh-run.yml; experiments/verify-local-gates.mjs",Proven,"ADR-0057 the live fan-out contract (roadmap Phase 3): governs the two contracts BETWEEN dispatch (LBA-REQ-074) + fulfillment (LBA-REQ-073) -- how a dispatch TASKS actors (actor-tasking@1) + how their returned receipts are COLLECTED back into the fulfillment input (receipt-collection@1), both identity-bound to the dispatch via the LBA-REQ-072 launchIdentity. meshFanout.mjs derives one identity-bound task per requested plane + validates a collection mapping each returned receipt to its task; fails closed on unbound-task/uncovered-plane/no-matching-task/plane-or-identity-mismatch/duplicate-actor/tampered-digest (selftest 7/7). The committed tasking re-derives from the committed dispatch (currency) + the collection reconstructs the committed LBA-REQ-073 fulfillment (grounding: the collected set IS the fulfillment actor set). .github/workflows/mesh-run.yml runs the fan-out step between validating the dispatch + gating fulfillment. Gate mesh-live-fanout-wired. Wiring live actor execution slots into the collection contract with no new governance."
LBA-REQ-077,"The system shall admit a returned mesh-actor receipt into a verified collection only when it carries a valid attestation from its declared, enrolled actor -- so a fail-closed gate proves each collected receipt provably came from a REAL enrolled actor (not a fabricated trend).",T-077,"experiments/mesh-fulfillment/meshVerifiedTier.mjs; experiments/mesh-fulfillment/meshVerifiedTier.selftest.mjs; experiments/mesh-fulfillment/mesh-run-verified-collection.json; experiments/mesh-fulfillment/mesh-actor-keys.json; experiments/acg-provenance/attest.mjs; .github/workflows/mesh-run.yml; experiments/verify-local-gates.mjs",Proven,"ADR-0058 the opt-in verified tier (roadmap Phase 3): raises the mesh trust bar -- each returned actor receipt is SIGNED by the actor enrolled Ed25519 key, and a verified-receipt-collection@1 admits it only when the attestation verifies against the enrolled mesh-actor-keys.json allowlist. meshVerifiedTier.mjs REUSES the ADR-0016 acg-provenance engine (signBundle/verifyWitnessAttestation) -- no new crypto: attestReturnedReceipt signs the exact receipt; validateVerifiedCollection requires the underlying LBA-REQ-076 collection to validate + binds to it by digest + requires every collected receipt to carry a valid attestation from its declared enrolled actor. Fails closed on unsigned/forged-receipt/un-enrolled-actor/wrong-key/not-declared-actor/orphan-attestation/tampered-digest (selftest 7/7). Committed enrolled PUBLIC keys + verified collection re-verify offline (private keys never committed). .github/workflows/mesh-run.yml runs the opt-in verified-tier step between the fan-out + the fulfillment gate. Gate mesh-verified-tier-attested. Opt-in + additive: plain fan-out still works; enrolling an actor is publishing its public key."
LBA-REQ-078,"The system shall admit a verified mesh-actor attestation only when it carries an inclusion proof against a transparency-log tree head signed by the enrolled log key -- so a fail-closed gate proves the mesh receipts are enrolled-signed AND publicly auditable (append-only, tamper-evident).",T-078,"experiments/mesh-fulfillment/meshTransparency.mjs; experiments/mesh-fulfillment/meshTransparency.selftest.mjs; experiments/mesh-fulfillment/mesh-run-logged-collection.json; experiments/mesh-fulfillment/mesh-log-key.json; experiments/acg-transparency/transparency-log.mjs; .github/workflows/mesh-run.yml; experiments/verify-local-gates.mjs",Proven,"ADR-0059 transparency-log the mesh-actor attestations (roadmap Phase 3): completes the trust story -- enrolled-signed (LBA-REQ-077) AND publicly auditable. meshTransparency.mjs REUSES the ADR-0022 acg-transparency engine (recordRelease/verifyReleaseInclusion/verifySignedTreeHead, RFC-6962 Merkle) -- no new log crypto: each verified-tier attestation is recorded into a signed Merkle tree; a logged-verified-collection@1 binds to the LBA-REQ-077 verified collection by digest + requires the tree head to verify against the enrolled log key + every attestation to carry an inclusion proof against that signed root. Fails closed on unsigned/wrong-key-tree-head/missing-or-non-reconstructing-proof/tree-size-mismatch/binding-mismatch/tampered-digest (selftest 7/7). Committed enrolled log PUBLIC key + logged collection re-verify offline (private key never committed). .github/workflows/mesh-run.yml runs the transparency step after the verified tier + before the fulfillment gate. Gate mesh-attestations-transparency-logged. Verify-before-consume requires BOTH the actor witness signature + a transparency inclusion proof."
LBA-REQ-079,"The system shall admit the mesh transparency log's current tree head only when a consistency proof proves it contains an earlier signed tree head unchanged -- so a fail-closed gate proves the log is APPEND-ONLY (no logged attestation removed or rewritten as it grew).",T-079,"experiments/mesh-fulfillment/meshLogHistory.mjs; experiments/mesh-fulfillment/meshLogHistory.selftest.mjs; experiments/mesh-fulfillment/mesh-run-log-history.json; experiments/mesh-fulfillment/mesh-log-history-key.json; experiments/acg-transparency/transparency-log.mjs; .github/workflows/mesh-run.yml; experiments/verify-local-gates.mjs",Proven,"ADR-0060 the append-only consistency proof (roadmap Phase 3): closes the append-only claim of LBA-REQ-078 -- inclusion proves an attestation IS in the log, consistency proves the log only GROWS. meshLogHistory.mjs REUSES the ADR-0022 acg-transparency engine (signTreeHead/consistencyProof/verifyConsistency, RFC-6962) -- no new crypto: a logged-collection-history@1 binds an earlier + the current signed tree head + a consistency proof over the real attestation leaves. validateHistory requires both heads to verify against the enrolled log key + the log to have strictly grown + the consistency proof to prove append-only extension + the current head to match the committed LBA-REQ-078 log by Merkle root + size. Fails closed on unsigned/wrong-key-head/non-growing-or-shrinking/bad-consistency-proof/wrong-current-root/tampered-digest (selftest 7/7). Committed enrolled log PUBLIC key + history re-verify offline (private key never committed). .github/workflows/mesh-run.yml runs the append-only step. Gate mesh-log-append-only. Inclusion (078) + consistency (079) = the full RFC-6962 transparency guarantee for the mesh."
LBA-REQ-080,"The system shall decide a mesh run FULLY ATTESTED only when its fulfillment, cross-plane parity, verified-tier signatures, transparency inclusion, and append-only proof all hold and name the SAME run identity -- so a fail-closed gate gives a consumer ONE verdict to trust a mesh run end-to-end.",T-080,"experiments/mesh-fulfillment/meshAttested.mjs; experiments/mesh-fulfillment/meshAttested.selftest.mjs; experiments/mesh-fulfillment/mesh-run-attested-receipt.json; experiments/verify-local-gates.mjs",Proven,"ADR-0061 the composite mesh-run-attested decision (roadmap Phase 3): the integration capstone -- ONE fail-closed verdict a consumer checks to trust a mesh run end-to-end. meshAttested.mjs decideAttested REUSES every sub-verifier (decideFulfillment 073 + validateReceipt parity 072 + validateVerifiedCollection 077 + validateLoggedCollection 078 + validateHistory 079) with NO new proof logic; a run is attested iff all five gates pass AND all layers name the SAME run identity (cross-proof identity binding). A mesh-run-attested@1 receipt records the gate booleans + shared identity + verdict; validateReceipt re-derives from the committed source receipts (currency). Fails closed on any failing sub-proof / identity-mismatch / stale-gates / verdict-contradiction / tampered-digest (selftest 7/7, one break per sub-proof). Mirrors the composite-release-decision LBA-REQ-071. .github/workflows/mesh-run.yml runs the capstone step last. Gate mesh-run-attested. The mesh subsystem (072-080) is complete."
LBA-REQ-081,"The system shall prove cross-plane VI Analyzer performance parity by validating that a LINUX and a WIN VI Analyzer run share the same benchmark identity and deterministic resultHash, so a fail-closed gate proves the planes ran the SAME benchmark and their run times are comparable performance witnesses.",T-081,"experiments/vi-analyzer/viAnalyzerParity.mjs; experiments/vi-analyzer/viAnalyzerParity.selftest.mjs; experiments/vi-analyzer/cross-plane-vi-analyzer-parity-receipt.json; experiments/vi-analyzer/vi-analyzer-trend-live-evidence.json; experiments/vi-analyzer/vi-analyzer-trend-live-evidence-WIN.json; experiments/launch-parity/launchParity.mjs; experiments/verify-local-gates.mjs",Proven,"ADR-0062 cross-plane VI Analyzer performance parity (roadmap Phase 2): the 2nd benchmark family in the parity suite after launch (LBA-REQ-072). viAnalyzerParity.mjs REUSES the LBA-REQ-072 engine core (launchIdentity/trendOk/decideParity/planeSummary/performanceWitness) via a trendFromEvidence adapter over the real committed vi-analyzer-trend-live-evidence@1 captures (LINUX+WIN, 6 LabVIEWCLI RunVIAnalyzer runs of LabVIEWCLIExampleProject -> 69 tests each). Identity {viAnalyzerMs, vi-analyzer-labviewcli-example, n}. Proves the parity engine is benchmark-generic (not launch-specific). Complements + folds in LBA-REQ-043 (cross-plane VI Analyzer determinism/resultHash): parity-proven only when the planes share BOTH the identity (comparable timing) AND the deterministic resultHash (same answer). Fails closed on identity-mismatch/non-cross-plane/differing-resultHash/invalid-trend/tampered-digest (selftest 7/7). Committed receipt re-derives byte-stably from the two evidence captures (currency). Gate cross-plane-vi-analyzer-parity. The benchmark suite now has 2 families; mass-compile/unit-test parity is a new adapter once real 2-plane timing exists."
LBA-REQ-082,"The system shall fold the benchmark suite's cross-plane parity receipts into one coverage matrix, so a fail-closed gate proves which benchmark families have proven cross-plane parity and records their LINUX-vs-WIN timing.",T-082,"experiments/benchmark-suite/suiteParityObservatory.mjs; experiments/benchmark-suite/suiteParityObservatory.selftest.mjs; experiments/benchmark-suite/benchmark-suite-parity-observatory-receipt.json; experiments/launch-parity/cross-plane-launch-parity-receipt.json; experiments/vi-analyzer/cross-plane-vi-analyzer-parity-receipt.json; experiments/verify-local-gates.mjs",Proven,"ADR-0063 the benchmark-suite parity observatory (roadmap Phase 2 -> 4): folds the suite's cross-plane parity receipts (launch LBA-REQ-072 + VI Analyzer LBA-REQ-081) into a benchmark-suite-parity-observatory@1 coverage matrix -- which families have proven cross-plane parity + their LINUX-vs-WIN timing. suiteParityObservatory.mjs foldParity normalizes the two different-schema receipts into uniform rows (family from schema, identity, parity flags, performance); buildObservatory derives coverage + observatoryOk iff every family is parity-proven. Fails closed on parity-without-cross-plane-or-identity/miscounted-coverage/verdict-contradiction/tampered-digest (selftest 7/7). Committed observatory re-folds byte-stably from the committed parity receipts (currency) + is grounded in the real receipt identities. Mirrors the mesh coverage observatory (LBA-REQ-075). Gate benchmark-suite-parity-observatory. Extends with no new machinery as mass-compile/unit-test families land -- the Phase 2 capstone + Phase 4 bridge."
LBA-REQ-083,"The system shall fulfill the VI Analyzer benchmark through the mesh fulfillment engine as a benchmark distinct from launch, so a fail-closed gate proves the mesh carries more than one benchmark family (the engine is benchmark-generic).",T-083,"experiments/mesh-fulfillment/viAnalyzerMeshRun.mjs; experiments/mesh-fulfillment/viAnalyzerMeshRun.selftest.mjs; experiments/mesh-fulfillment/mesh-run-vi-analyzer-family.json; experiments/mesh-fulfillment/meshFulfillment.mjs; experiments/vi-analyzer/viAnalyzerParity.mjs; experiments/verify-local-gates.mjs",Proven,"ADR-0064 the mesh carries a 2nd benchmark family (roadmap Phase 2 <-> 3 convergence): proves the mesh fulfillment engine LBA-REQ-073 is BENCHMARK-GENERIC by fulfilling the VI Analyzer benchmark (LBA-REQ-081 identity, distinct from launch) through the same engine. viAnalyzerMeshRun.mjs REUSES meshFulfillment (buildReceipt/validateReceipt, 073) + trendFromEvidence (081) with NO new fulfillment logic: two golden actors (golden-linux + golden-win) return their VI Analyzer workload-trend@1 from the real committed vi-analyzer-trend-live-evidence@1, the 073 engine decides fulfillment. A mesh-benchmark-family-run@1 is carried iff the fulfillment is proven AND the identity is VI Analyzer AND distinct from launch. Fails closed on not-fulfilled/actor-receipts-not-descending-from-evidence/not-VI-Analyzer/not-distinct-from-launch/tampered-digest (selftest 7/7). Committed run re-derives byte-stably from the two evidence captures (currency+grounding). Gate mesh-benchmark-family-vi-analyzer. The mesh now provably carries >1 benchmark; further families are an instantiation, no new machinery."
LBA-REQ-084,"The system shall assign each benchmark measurement a stress-quality weight from the mesh-stress calibration and discount a measurement captured on a stressed actor, so a fail-closed gate proves a cross-plane comparison down-weights results captured under contention.",T-084,"experiments/mesh-stress-signature/stressDiscountedComparison.mjs; experiments/mesh-stress-signature/stressDiscountedComparison.selftest.mjs; experiments/mesh-stress-signature/stress-discounted-comparison-receipt.json; experiments/mesh-stress-signature/fixtures/mesh-live-ladder-receipt.json; experiments/mesh-stress-signature/fixtures/mesh-concurrent-actors-receipt.json; experiments/verify-local-gates.mjs",Proven,"ADR-0065 the stress-discounted cross-plane comparison (roadmap Phase 4): the mesh-stress calibration (LBA-REQ-032) lets a fair comparison DISCOUNT a result captured on a stressed actor. stressDiscountedComparison.mjs folds the committed real ladder (mesh-stress-live-ladder@1, calibration authority -- trusts it only when monotone+separable+repeatable) + concurrent-actors capture (mesh-concurrent-actors@1, allActorsRecovered -- the calibration independently recovered each actor's stress) into a stress-discounted-comparison@1: each measurement gets a stress-QUALITY weight (idle 1.0 / light 0.75 / medium 0.5 / heavy 0.25 / saturate 0.0) + is discounted at/above heavy. A confidence weight, NOT a fabricated ms correction. discountingApplied iff calibration trustworthy + every actor recovered + >=1 stressed discounted + >=1 clean kept. Fails closed on invalid-calibration/unrecovered-actor/weight-or-flag-mismatch/miscounted-coverage/tampered-digest (selftest 7/7). Committed comparison re-derives byte-stably from the two mesh-stress receipts (currency+grounding): idle actor full confidence, saturate discounted to zero, 2/5 discounted + 3 kept. Gate stress-discounted-comparison. Folding the weight into the grid/observatory is a follow-on."
LBA-REQ-085,"The system shall pin every entry timestamp in the packaged .vsix to a fixed constant so that repackaging the same committed source yields a byte-identical artifact, so a fail-closed gate proves a reviewed .vsix sha256 can equal the shipped .vsix sha256.",T-085,"scripts/normalize-vsix.mjs; test/normalize-vsix.mjs; scripts/verify-published-vsix.mjs; test/verify-published-vsix.mjs; .github/workflows/extension-release.yml; package.json; experiments/verify-local-gates.mjs",Proven,"ADR-0066 the byte-reproducible extension package: the release-review chain binds an artifact by its vsixSha256 (the reviewer signs a candidate hash LBA-REQ-068/069; the composite decision blocks publish unless the tagged candidate hash matches LBA-REQ-071), but vsce package (yazl) stamps each zip entry mtime with the package wall-clock time (new Date()) and ignores SOURCE_DATE_EPOCH, so two builds of the SAME commit differ by ~72 timestamp bytes + hash differently. scripts/normalize-vsix.mjs (pure Node, no deps) walks the zip (EOCD -> each central-directory record -> its local header) and patches ONLY the 2-byte DOS mod-time + mod-date to 1980-01-01, leaving names/order/compression/content/CRCs untouched; npm run package runs it after vsce package so the shipped artifact depends only on the committed content, never the build time -> repackaging the same source yields a byte-identical .vsix (stable sha256), so the reviewed hash can equal the shipped hash. test/normalize-vsix.mjs proves two same-content zips with different mtimes normalize byte-identical + idempotent + epoch-pinned + fail-closed on a non-zip (run by npm test). Gate reproducible-vsix-normalizer guards the wiring + re-proves the behavior synchronously on a hand-built zip. A release-workflow reviewed==shipped assert is REALIZED: scripts/verify-published-vsix.mjs asserts the CI-built .vsix sha256 == the reviewed vsixSha256 (release-agreement visualReview.verdict.target), wired into extension-release.yml after packaging + gate reviewed-vsix-matches-shipped -- a release cannot publish an artifact that was never reviewed (reviewed==shipped on the linux publish plane; a review taken on another plane fails closed)."
LBA-REQ-086,"The system shall package the .vsix byte-identically on the windows and linux planes -- pinning its OS-dependent zip metadata (entry timestamp, mode, version-made-by) and forcing LF on its packaged content -- so a fail-closed gate proves a windows build and a linux build of the same commit have the same sha256.",T-086,"scripts/normalize-vsix.mjs; test/normalize-vsix.mjs; .gitattributes; tsconfig.json; .github/workflows/vsix-cross-plane-repro.yml; experiments/verify-local-gates.mjs",Proven,"ADR-0067 the cross-plane byte-reproducible extension package: a plane is the OS the extension runs in (windows, linux); the human reviews on windows + CI publishes on linux, and a genuine corroboration needs a windows- AND a linux-plane witness to agree on ONE artifact. ADR-0066 gave SAME-plane reproducibility; this strengthens it to CROSS-plane. vsce/yazl writes OS-dependent metadata (mtime from the clock, mode 0664 from fs.stat vs a faked Windows mode, a version-made-by host byte) + tsc/checkout can emit CRLF, so a Windows build != a Linux build of the same commit -> reviewed != shipped + two planes could not corroborate one artifact. scripts/normalize-vsix.mjs now pins every entry timestamp (1980-01-01) + external attributes (regular file 0644) + version-made-by (Unix); .gitattributes forces LF on the packaged files (scoped past the Windows-captured mesh-stress fixtures) + tsconfig newLine=lf makes tsc emit LF. Proven by .github/workflows/vsix-cross-plane-repro.yml (builds npm run package on ubuntu-latest AND windows-latest, asserts identical sha256, fail-closed) + offline gate vsix-cross-plane-repro-workflow-wired (workflow + prerequisites) + test/normalize-vsix.mjs (mode/version pinning). This identical artifact is the foundation for reviewed==shipped across planes + the two-plane corroboration re-seal (LBA-REQ-024/026)."
LBA-REQ-087,"The system shall produce a genuine witness on the windows plane and the linux plane and prove, in CI, that they cross-plane corroborate over the deterministic anchors, so a fail-closed gate blocks any claim of two-plane corroboration unless both planes actually agree.",T-087,"experiments/acg-quorum/produce-witness.mjs; experiments/acg-quorum/corroborate-planes.mjs; experiments/acg-quorum/produce-witness.selftest.mjs; .github/workflows/acg-cross-plane-corroboration.yml; experiments/verify-local-gates.mjs",Proven,"ADR-0069 genuine cross-plane corroboration: ADR-0068 found the ACG live corroboration single-plane (linux-only), genuine cross-plane PENDING a windows-plane witness (none committed). windows-latest CI IS a genuine windows plane (extension runs + gate passes), so produce-witness.mjs emits an acg-witness-bundle-v1 from the current plane (os, version, sourceCommit, verdict, + seriesHash projected from the committed mprr fixture by the shipped viewer code -- deterministic DATA identical on every plane). pngSha256 is an optional Linux-only anchor (null = not-claimed, not a divergence). .github/workflows/acg-cross-plane-corroboration.yml runs the producer on a multi-substrate matrix -- ubuntu-22.04 + ubuntu-24.04 (linux) and windows-2022 + windows-2025 (windows), each after npm test = the substrate verdict -- + corroborate-planes.mjs corroborates ALL substrates (crossPlane), proving the anchor is substrate-independent, FAILING CLOSED unless both planes concur AND span distinct OS-planes (crossPlane). produce-witness.selftest.mjs (5/5) proves a linux+windows pair corroborates while single-plane/divergent/non-pass fail closed; gates acg-cross-plane-corroboration + acg-cross-plane-corroboration-workflow-wired. The first genuine two-plane corroboration, automated + live. Enabled by ADR-0067 (both planes build the SAME artifact); folding into the full grid + the 1.0.0 re-seal is next."
LBA-REQ-088,"The system shall capture the genuine cross-plane corroboration -- a real linux-plane witness and a real windows-plane witness produced in CI -- as a committed, tamper-evident attestation that re-derives its os-plane quorum offline, so a fail-closed gate blocks any durable claim of two-plane corroboration unless both planes genuinely agree and a single-plane set fails closed.",T-088,"experiments/acg-quorum/cross-plane-attestation.mjs; experiments/acg-quorum/cross-plane-attestation.selftest.mjs; experiments/acg-quorum/cross-plane-attestation-receipt.json; experiments/acg-quorum/compare-witnesses.mjs; experiments/verify-local-gates.mjs",Proven,"ADR-0070 durable cross-plane attestation: ADR-0069 proves genuine cross-plane corroboration LIVE but the proof is ephemeral (only inside a workflow run) -- nothing committed consumed a genuine windows-plane witness, so the ACG committed evidence had only the honest single-plane negative (ADR-0068) + the shipped 1.0.0 quorum (LINUX + VMware-Ubuntu = both linux) stayed a flagged defect. The ADR-0069 workflow (push: develop) produced a real os:linux (ubuntu-latest) + os:windows (windows-latest) witness at one develop commit. cross-plane-attestation.mjs (schema cross-plane-corroboration-attestation@1) embeds the two GENUINE CI witnesses + their run provenance (workflow, runId 30923501292, commit 2a0352c), re-derives the os-plane quorum (compare-witnesses.mjs), and is CROSS-PLANE CORROBORATED only when the quorum PASSES + spans both os-planes (crossPlane); a recursive canonical digest makes it tamper-evident. cross-plane-attestation.selftest.mjs (7/7) proves the committed attestation validates while a single-plane set (the 1.0.0 defect: two linux witnesses), a non-pass verdict, a tampered witness, a forged verdict, + a tampered digest all fail closed; gate acg-cross-plane-attestation. The HUMAN half (an enrolled Ed25519 sign-off over the quorum + a signed visual verdict, LBA-REQ-070) is deliberately NOT synthesized -- it stays the reviewer's local-key act; the shipped witnesses-1.0.0/* + composite-release-decision-receipt.json are left frozen (operator-gated)."
LBA-REQ-089,"The system shall bind an enrolled human sign-off to the genuine cross-plane quorum -- the reviewer signs the crossPlane quorum digest with their local Ed25519 key -- so a fail-closed gate blocks any signed corroboration unless the quorum is genuinely cross-plane, passes, names the candidate, and carries a verified enrolled approval.",T-089,"reviewer-workstation/sign-release-quorum.mjs; reviewer-workstation/render-quorum.sh; reviewer-workstation/verify-quorum-signoff.mjs; reviewer-workstation/verify-quorum-signoff.selftest.mjs; experiments/acg-quorum/signed-cross-plane-corroboration.mjs; experiments/acg-quorum/signed-cross-plane-corroboration.selftest.mjs; experiments/acg-quorum/signed-cross-plane-corroboration-receipt.json; experiments/acg-reviewer/sign-off.mjs; experiments/verify-local-gates.mjs",Proven,"ADR-0071 signed cross-plane corroboration = the genuine two-plane RE-SEAL of the machine corroboration. LBA-REQ-088 captured a genuine crossPlane quorum but a quorum alone is not the corroboration GATE: ADR-0018 gateReleasePublish = quorum + a recorded enrolled human sign-off over that exact quorum. The shipped 1.0.0 sign-off was over the SINGLE-PLANE quorum (the defect). reviewer-workstation/sign-release-quorum.mjs = a deterministic offline helper: the reviewer signs the committed crossPlane quorum bundleDigest (2e313a6a...) with their LOCAL Ed25519 key -> acg-human-signoff-v1 (public). signed-cross-plane-corroboration.mjs (schema signed-cross-plane-corroboration@1) REUSES gateReleasePublish + requires crossPlane (pass + both os-planes) + the consensus names the candidate; it never synthesizes a signature. The committed signed-cross-plane-corroboration-receipt.json records ext 1.0.0 @ 2a0352c + the enrolled reviewer@vi-tech.nl sign-off (operator-authorized 'sign it'), verified vs the committed allowlist. selftest 7/7 (throwaway key) proves a single-plane/non-pass/un-enrolled/forged/unnamed/tampered receipt all fail closed; gate acg-signed-cross-plane-corroboration. Tightening verify-composite-release to REQUIRE crossPlane (rejecting the shipped single-plane composite) is operator-gated."
LBA-REQ-090,"The system shall re-seal the 1.0.0 composite release decision over the genuine cross-plane quorum -- binding the crossPlane machine corroboration (LBA-REQ-089) to a signed human visual PASS of the byte-reproducible candidate over one net-staged candidate -- so a fail-closed gate blocks the composite unless its machine quorum is genuinely cross-plane, both gates carry verified enrolled sign-offs, and all bind to one candidate.",T-090,"reviewer-workstation/sign-visual-verdict.mjs; reviewer-workstation/composite-release-decision-receipt.json; reviewer-workstation/crossplane-composite-reseal.selftest.mjs; reviewer-workstation/composite-release-decision.mjs; tools/collab-cli/verify-composite-release.mjs; experiments/verify-local-gates.mjs",Proven,"ADR-0072 genuine cross-plane composite release decision = the fuller 1.0.0 re-seal. LBA-REQ-089 re-sealed the MACHINE corroboration but the shipped 1.0.0 COMPOSITE decision (ADR-0051 capstone: machine gate + human visual gate over one net-staged candidate) still stood on the single-plane quorum. The extension runtime (src/out/media + contributed commands/activation) is BYTE-IDENTICAL from the originally-reviewed 1.0.0 (1054b07) through the crossPlane quorum commit (2a0352c) -- only byte-repro build tooling + governance changed -- so the reviewer's original genuine visual review (run-1785842247349) re-binds to the byte-reproducible (ADR-0067) cross-plane candidate. sign-visual-verdict.mjs = deterministic offline visual-verdict signer (reviewer signs a reviewer-verdict@1 with their LOCAL key). composite-release-decision-crossplane-receipt.json assembled via the REUSED composite verifier from the crossPlane quorum (LBA-REQ-088) + the enrolled machine sign-off (LBA-REQ-089) + a signed WINDOWS_VM visual PASS (vsix 2ec7bd31f7f6 @ 2a0352c) + the genuine WIN net-staged frame -- all 5 bindings hold (machinePublish/visualPublish/stagedOverNet/visualTargetBound/machineConsensusBound), quorum crossPlane, both gates signed by enrolled reviewer@vi-tech.nl (operator-authorized 'sign it'). crossplane-composite-reseal.selftest.mjs 5/5 proves the committed crossPlane composite validates as proven + its quorum is crossPlane + verify-composite-release clears it while rejecting a single-plane variant; gate acg-crossplane-composite-reseal. COLLAPSED (ADR-0073): the crossPlane composite REPLACED composite-release-decision-receipt.json (old single-plane seal in git history) + verify-composite-release now REQUIRES crossPlane, so a single-plane composite (the 1.0.0 defect) is rejected fail-closed."
LBA-REQ-091,"The system shall ingest a live mesh-run dispatch and the actors' returned plane-tagged receipts into a run-bound actor-tasking + receipt-collection bound to the dispatchId -- so a fail-closed gate blocks fulfillment unless every collected receipt provably ran the dispatched benchmark on a tasked plane.",T-091,"experiments/mesh-fulfillment/meshIngest.mjs; experiments/mesh-fulfillment/meshIngest.selftest.mjs; experiments/mesh-fulfillment/meshFanout.mjs; experiments/mesh-fulfillment/meshDispatch.mjs; experiments/verify-local-gates.mjs",Proven,"ADR-0074 run-bound mesh ingestion (roadmap Phase 3, the agent-autonomy campaign): binds a LIVE mesh-run dispatch (the workflow client_payload) + the actors' returned plane-tagged receipts (returned-receipt@1 files) into a run-bound actor-tasking + receipt-collection bound to the dispatchId. meshIngest.mjs REUSES meshDispatch.requestOk (LBA-REQ-074 dispatch validation) + meshFanout deriveTasking/buildCollection/validateTasking/validateCollection (LBA-REQ-076 fan-out gating) -- no new gating logic; it is the LIVE data path into the committed fan-out contract. Fails closed on an uncovered requested plane, a declared/receipt plane mismatch, a returned receipt whose identity != the dispatched benchmark, a receipt bound to an unknown task, a duplicate actor, a malformed dispatch, or a malformed returned receipt (selftest 8/8). Gate mesh-run-ingest. The run-bound seam the agent driver feeds real Linux + Windows launch receipts through."
LBA-REQ-092,"The system shall corroborate a run-bound receipt collection across its planes and compare the planes' benchmark metrics -- so a fail-closed gate blocks a cross-plane result unless the collected receipts span >= 2 distinct OS-planes, every plane's benchmark PASSED, and each re-derives the dispatched benchmark identity.",T-092,"experiments/mesh-fulfillment/meshCorroborate.mjs; experiments/mesh-fulfillment/meshCorroborate.selftest.mjs; experiments/mesh-fulfillment/meshDispatch.mjs; experiments/benchmark-store/benchmarkStore.mjs; experiments/mesh-fulfillment/mesh-run-collection.json; experiments/verify-local-gates.mjs",Proven,"ADR-0075 run-bound cross-plane corroborate + compare (roadmap Phase 3, the agent-autonomy campaign): consumes the LBA-REQ-091 run-bound receipt-collection@1 and reduces it to a single cross-plane verdict + comparison. corroborateRun corroborates the collected plane receipts cross-plane -- >= 2 distinct OS-planes, every plane's workload-trend@1 PASSES, each receipt.plane matches its collected plane, and each re-derives dispatchIdentity{metric,workload,n} = the collection identity (so every plane provably ran the SAME dispatched benchmark) -- then REUSES benchmark-store compareRuns (LBA-REQ-010, the governed pure cross-plane compare core) to pair LINUX baseline + WIN candidate into the cross-plane-compare@v1 delta, emitting a run-bound mesh-cross-plane-report@1 bound to the dispatchId + identity. Fails closed on a single-plane collection, a non-PASS plane, an identity mismatch, a malformed collection, a non-trend receipt, or a plane mismatch (selftest 8/8). The committed two-plane fan-out collection corroborates (LINUX+WIN, latest WIN-LINUX = -22ms). Gate mesh-cross-plane-corroborate. No new corroboration/compare gating -- reuses compareRuns + dispatchIdentity."
LBA-REQ-093,"The system shall pin the exact Node.js version that packages the `.vsix` in a repo-root `.nvmrc` sourced by every release-path workflow, so a fail-closed gate proves the reviewed build and the CI publish build use the identical Node version and cannot drift across a Node minor.",T-093,".nvmrc; .github/workflows/extension-release.yml; .github/workflows/vsix-cross-plane-repro.yml; .github/workflows/acg-cross-plane-corroboration.yml; scripts/lba.mjs; docs/release/release-procedure.md; experiments/verify-local-gates.mjs",Proven,"ADR-0076 (issue #408) the Node-version pin (third leg of reproducibility after LBA-REQ-085 timestamp pin + LBA-REQ-086 cross-plane metadata/LF): the .vsix is byte-reproducible only within an EXACT Node version -- a Node minor can perturb the packaged bytes -- and every release-path workflow pinned node-version:'24', which floats to the latest 24.x in the runner cache, so a future minor could silently drift CI's sha from the locally-reviewed sha and re-break reviewed==shipped (reviewed-vsix-matches-shipped, LBA-REQ-085) at publish. A repo-root .nvmrc pins the exact version (24.19.0); extension-release.yml, vsix-cross-plane-repro.yml, and acg-cross-plane-corroboration.yml each source Node via node-version-file: .nvmrc with no floating literal; lba release-preflight upgrades its node-major check to an exact-version check that asserts the local Node equals .nvmrc when present. Gate release-path-node-pinned proves (offline) .nvmrc pins an exact version + every release-path workflow sources it (no floating literal); scripts/lba.mjs selftest proves the exact-version preflight (an equal Node clears, a later 24.x minor fails). The pin + bump procedure is documented in docs/release/release-procedure.md + docs/release/release-runbook.md. Filed while driving the 1.1.1 Marketplace publish; singular-requirement directive (one shall)."
